<?xml version="1.0" encoding="utf-8"?>
<templates t-name="selectcolumns">
    <t t-extend="ListView.buttons">

        <t t-jquery="button.o_list_button_add" t-operation="after">
            <div class="btn-group o_dropdown">
                <button name="select_columns" id="select_columns"
                        class="oe_select_columns btn btn-default btn-sm dropdown-toggle"
                        data-toggle="dropdown">
                    Set Columns
                    <span class="caret"></span>
                </button>

                <ul id="showcb" class="dropdown-menu" style="padding:10px">
                    <li>
                        <button name="apply" id="apply" class="oe_dropdown_btn btn btn-primary btn-block">
                            Apply
                        </button>
                    </li>
                </ul>
            </div>
        </t>
    </t>
</templates>
