<?xml version="1.0" encoding="utf-8"?>
<odoo>
<data noupdate="1">

    <record id="group_itb_plan_manager" model="res.groups">
        <field name="name">Manager</field>
        <field name="category_id" ref="base.module_category_plan"/>
        <field name="implied_ids" eval="[(4, ref('base.group_user'))]"/>
    </record>

    <record id="group_itb_plan_owner" model="res.groups">
        <field name="name">Owner</field>
        <field name="category_id" ref="base.module_category_plan"/>
        <field name="implied_ids" eval="[(4, ref('base.group_user'))]"/>
        <field name="users" eval="[(4, ref('base.user_root'))]"/>
    </record>

    <record model="ir.rule" id="spending_actual_manager_rule">
        <field name="name">Spending Actual for Budget Manager</field>
        <field name="model_id" ref="itb_plan.model_itb_plan_spending_actual"/>
        <field name="groups" eval="[(4, ref('group_itb_plan_manager'))]"/>
        <field name="domain_force">[('user_ids','in',[user.id])]</field>
    </record>
</data>
</odoo>