"id"$"amount"$"code"$"name"$"note"$"standard"$"type"
"itb_plan_price_20497"$"22110000"$"540020193003"$"100 MHz Arbitrary Waveform Generator (Spesifikasi : DG4102 Rigol DG4102 | 100 MHz Arbitrary Waveform Generator: Generators up to 160 MHz, 2 output channel, 500 MSa/s sample rate, 130 built-in waveforms, 7-inch color LCD display, 14 bit vertical resolution, Standard Interfaces including LXI-C (Ethernet), USB device and USB host, Dibutuhkan dukungan distributor resmi)"$"Peralatan Ilmiah, Optikal dan Instrumentasi"$"Unit"$"Barang"
"itb_plan_price_20498"$"8352000"$"604010018001"$"Absensi Finger Print + Acces Control (Spesifikasi : Solution X401 +Single Door Magnetic Lock With LED Indicator (600Lbs)+ZL Braket + Installasi Pemasangan Standalone, Tidak membutuhkan komputer, Kapasitas User: 10.000 Sidikjari, Kapasitas Log: 200.000 Transaksi, Komunikasi PC TCP/IP (RJ45), USB Disk, Waktu respon: <= 1 detik, Dilengkapi Fitur: TFT LCD Full Color 3 Inch, PhotoID, Web Server, Schedule Bell, SMS Message, Workcode, Function Key. Cloud Data Support: SOLUTION CLOUD Free Software: ATTENDANCE + PAYROLL 2.1 Single Door Magnetic Lock With LED Indicator (600Lbs) , ZL Braket Instalasi pemasanagan Garansi 1 Tahun.)"$"Mesin-Mesin Perkantoran"$"Unit"$"Barang"
"itb_plan_price_20499"$"26200000"$"614020040003"$"AC Jenis Ceiling Cassette kapasitas 4 hp (Spesifikasi : FCNQ36MV14-RNQ36MY14 Spesifikasi Teknis: - Jenis ceiling cassette kapasitas 4 hp - Kapasitas Pendingin 32.400 - 39.600 Btu/h - Power 2.979 - 3.641 W - Refrigerant Type R32 / R410 - Sudah Termasuk Jasa Pemasangan dengan Matrial Standart : a. Pipa Refrigran 5 meter b. Pipa Drain 5 meter c. Kabel daya Outdoor unit 5 meter d. Kabel daya Indoor unit 5 meter e. Bracket / Landasan Outdoor unit 1 set - Garansi produk selama 1 Tahun - Mantenance 1 (Satu) kali selama masa garansi - Garansi Kompressor 3 Tahun - Ketersediaan suku cadang selama 5 Tahun)"$"Mesin - Mesin untuk Rumah Tangga"$"Paket"$"Barang"
"itb_plan_price_20500"$"7070318"$"614020033002"$"AC Jenis split wall mounted kapasitas 2 hp (Spesifikasi : Branded : Panasonic Spesifikasi Teknis: "CU/CS-PN18SKP 2 PK, 18.000 BTU, 1.920 W, New Indoor Unit Design" - Refrigerant Type R32 - Sudah Termasuk Jasa Pemasangan dengan Matrial Standart : a. Pipa Refrigran 5 meter 1/4 + 1/2 "Premium" b. Pipa Drain 5 meter 3/4" "Wavin" c. Kabel daya Outdoor unit 5 meter NYM 3x2x,5mm "eterna" d. Kabel daya Indoor unit 5 meter NYM 3x2x,5mm "eterna" e. Bracket / Landasan Outdoor unit 1 set - Garansi produk selama 1 Tahun - Mantenance 1 (Satu) kali selama masa garansi - Garansi Kompressor 3 Tahun - Ketersediaan suku cadang selama 5 Tahun )"$"Mesin - Mesin untuk Rumah Tangga"$"Paket"$"Barang"
"itb_plan_price_20501"$"563558"$"604070038001"$"Access Point (Spesifikasi : WR940N Modem TP-Link WR940N Advanced N Router)"$"Mesin-Mesin Perkantoran"$"Buah"$"Barang"
"itb_plan_price_20502"$"6750000"$"614030041002"$"Air Dehumidifier (Spesifikasi : Stadler Form Albert Little- Air Dehumidifier - Penyerap Lembab Spesfikasi: Mampu menyerap lembab sampai dengan 10 liter perhari. Efektif untuk luas ruangan 30 m2. Tingkat penampungan air sebesar 2 liter. Efisiensi Energi. Mudah dipindahkan berkat roda yang terletak dibagian bawah. Rekomendasi Luas Ruangan (max) : 30 m2. Kemampuan Dehumidifikasi (liter per hari) : 10 liter per hari. Kapasitas Penampungan Air : 2 liter. Integrated Hygrostat : 4 tingkat. Mode : Swing & Night. Tingkat Kebisingan : 32 - 42 dB. Konsumsi Daya (max) : 210 Watt. Dimensi : 298 x 216 x 555 mm. Berat : 10.2 Kg. Garansi 1 tahun. )"$"Mesin - Mesin untuk Rumah Tangga"$"Buah"$"Barang"
"itb_plan_price_20503"$"31800"$"537020000000"$"Ballpoint (Spesifikasi : Faster C06 warna Biru, Isi 12 Buah/Dus)"$"ATK dan Benda Pos"$"Dus"$"Barang"
"itb_plan_price_20504"$"31800"$"537020000000"$"Ballpoint (Spesifikasi : Faster C06 warna Hitam, Isi 12 Buah/Dus)"$"ATK dan Benda Pos"$"Dus"$"Barang"
"itb_plan_price_20505"$"1000"$"537140000000"$"Barang Habis Penelitian (Spesifikasi : Barang habis untuk penelitian)"$"ATK dan Benda Pos"$"Paket"$"Barang"
"itb_plan_price_20506"$"9850"$"302010000000"$"Bensin (Spesifikasi : Pertamax)"$"Bahan Bakar Minyak"$"Liter"$"Barang"
"itb_plan_price_20507"$"6500"$"302010000000"$"Bensin Mobil (Spesifikasi : Premium)"$"Bahan Bakar Minyak"$"Liter"$"Barang"
"itb_plan_price_20508"$"120080000"$"542010069001"$"BIOPAC (Spesifikasi : MP-36 Increased performance (24-bit A/D converter) Built-in Low Voltage Stimulator New stimulator and output control features New digital input & output capabilities Increased triggering options USB 2.0 High Speed compliant (10 times faster throughput to the computer) Additional x5 gain (2 Volts input range) Improved Electrode Check for electrode impedance (range extended to 1,000 K Ohm) Lower noise on input amplifiers Expanded amplifier settings Current Biopac Student Lab software for Windows or Mac OS X Current Biopac Student Laboratory Manual)"$"Peralatan Kesehatan & Keselamatan Kerja"$"Unit"$"Barang"
"itb_plan_price_20509"$"1400000"$"606060027012"$"Bracket LCD (Spesifikasi : BRACKET UNIVERSAL ABTUS AV-815 Easy installation-pre-assembled Ceiling mount capability Adjustable height Cable-routing channel for a look Load capacity 33 lbs (15 kg) Pitching upwards and downward up to 20 degrees Adaptable to different projectors Gross weight : 2.7 kg (6 lbs) Gross dimension : (420 x 200 x 120) mm | (16.5? x 8? x 5?) Extendable length with optional rod : (600 and 900) mm | (23.5? and 35.5) Garansi Min. 1 Tahun)"$"Peralatan Telekomunikasi dan Audio Visual"$"Unit"$"Barang"
"itb_plan_price_20510"$"1000"$"535010001017"$"Buku (Spesifikasi : Paket Buku-Buku Pendidikan)"$"Buku, Peta, Jurnal dan Software"$"Paket"$"Barang"
"itb_plan_price_20511"$"637633"$"541010000000"$"Cartridge (Spesifikasi : HP 126A Black Original LaserJet Toner Cartridge (CE310A))"$"Cartridge/Toner"$"Buah"$"Barang"
"itb_plan_price_20512"$"980965"$"541010000000"$"Cartridge Laser Jet (Spesifikasi : HP CE285A HP 85A (CE285A) Black Toner for HP LaserJet P1102)"$"Cartridge/Toner"$"Buah"$"Barang"
"itb_plan_price_20513"$"1864203"$"541010000000"$"Cartridge Laser Jet (Spesifikasi : HP Laserjet 5225 Black Toner CE740A Black)"$"Cartridge/Toner"$"Buah"$"Barang"
"itb_plan_price_20514"$"3279382"$"541010000000"$"Cartridge Laser Jet (Spesifikasi : HP Laserjet 5225 Cyan Toner CE741A Cyan)"$"Cartridge/Toner"$"Buah"$"Barang"
"itb_plan_price_20515"$"3279382"$"541010000000"$"Cartridge Laser Jet (Spesifikasi : HP Laserjet 5225 Magenta Toner CE743A Magenta)"$"Cartridge/Toner"$"Buah"$"Barang"
"itb_plan_price_20516"$"3279382"$"541010000000"$"Cartridge Laser Jet (Spesifikasi : HP Laserjet 5225 Yellow Toner CE742A Yellow)"$"Cartridge/Toner"$"Buah"$"Barang"
"itb_plan_price_20517"$"774338"$"541010000000"$"Cartridge Ribbon (Spesifikasi : HP CP 1026 Cartridge CE311A Blue (untuk printer HP Laserjet CP 1025 Color))"$"Cartridge/Toner"$"Buah"$"Barang"
"itb_plan_price_20518"$"774338"$"541010000000"$"Cartridge Ribbon (Spesifikasi : HP CP 1027 Cartridge CE312A Yellow (untuk printer HP Laserjet CP 1025 Color))"$"Cartridge/Toner"$"Buah"$"Barang"
"itb_plan_price_20519"$"774338"$"541010000000"$"Cartridge Ribbon (Spesifikasi : HP CP 1028 Cartridge CE313A Red (untuk printer HP Laserjet CP 1025 Color))"$"Cartridge/Toner"$"Buah"$"Barang"
"itb_plan_price_20520"$"4446000"$"540030208003"$"Clamp Meter (Spesifikasi : MS2203 Mastech MS2203 Max conductor size ??50mm AC current(A) 40/100/400/1000A??2% AC voltage(V) 100/300/600V??1.2% Active power(kW) 4/10/40/100/600kW??3.0%, Apparent power(kVA) 4/10/40/100/600kVA??3.0%, Power factor(PF) 0.3cap to 0.3ind??0.02%, Reactive power(KVAR) 4/10/40/100/600kVAR??4.0%, Active energy(kWh) 10/100/1000/10000kWh??3.0%, Frequency(Hz) 20 ~ 1000Hz 0.5%, Display 4 digits LCD 9999, Power supply 4 x 1.5V AA, Operating temperature 0??C ~ 40??C, Dimensions 300mm x 103mm x 51mm)"$"Peralatan Ilmiah, Optikal dan Instrumentasi"$"Set"$"Barang"
"itb_plan_price_20521"$"158400"$"530070000000"$"Converter (Spesifikasi : Converter HDMI to VGA + Audio Mengubah port output HDMI untuk input VGA analog Mendukung resolusi berukuran penuh HD 720p atau 1080p Dapat digunakan untuk Semua input dan output VGA HDMI )"$"Peripheral"$"Buah"$"Barang"
"itb_plan_price_20522"$"125000"$"530070000000"$"Converter (Spesifikasi : E-H77 (Kabel+Audio+Power) Micro HDMI to VGA Female Converter (High Quality) EPRO E-H77 (Kabel+Audio+Power) , Spesifikasi: Professional micro HDMI inputs Type D with IC, All inputs can be scaled to output resolution as below: 800x600@60Hz, 1024x768@60Hz, 1360x768@60Hz, 1440x900@60Hz, 1280x1024@60Hz, 1680x1050@60Hz, 1600x1200@60Hz, 1920x1080@60Hz, 1920x1200@60Hz,Vertical temporal filter(VT) removes jaggy and other de-interlacing artifacts from normal video, Built-in DCTI/DLTI circuit for color/luminance transient improvement, OSD menu with adjustable VGA output resolution.)"$"Peripheral"$"Buah"$"Barang"
"itb_plan_price_20523"$"6450000"$"613040013001"$"CPU Processors (Spesifikasi : Intel NUC Kit NUC6i5SYK : 6 th generation Intel Core i5-6260U; Intel Iris graphics 540; Up to 7.1 Surround Audio Via HDMI; Internal support for M.2 SSD Card; Support for user replaceable 3rd party lids; Intel wireless AC 8260 M.2 soldered-down, Wireless Antenna (IEE 802.11 ac, Bluetooth 4.1) : Intel Wireless display 6.0; 19V, 65 W wall-mount AC-DC power adapter)"$"Mesin Pengolahan Data Elektronik"$"Unit"$"Barang"
"itb_plan_price_20524"$"1140000"$"543040004008"$"Crimping Tools (Spesifikasi : Crimping Tool Cat. 6 Good Quality. Bergaransi.)"$"Aksesoris Komputer"$"Buah"$"Barang"
"itb_plan_price_20525"$"11974800"$"613020007079"$"Desktop PC (Spesifikasi : Dell Inspiron 3650 Non Windows (Core i5-6400) Intel Core i5-6400, 8GB DDR3L, 1TB HDD, DVDRW, VGA Nvidia GeForce 730 2GB, Wifi, Bluetooth, Non Os, Xtra Bonus: Bundle - LED 18.5 [E1916HV] (SKU00911370) Garansi: 12 Bulan dari Distributor Resmi di Indonesia)"$"Mesin Pengolahan Data Elektronik"$"Unit"$"Barang"
"itb_plan_price_20526"$"13385440"$"613020071016"$"DESKTOP PC (Spesifikasi : HP 280 G2 Intel Core i7 6700 3.4GHz RAM 8GB HDD 1TB ODD SM Intel Integrated HD Graphics 18.5 inch LED Monitor Include Keyboard & Mouse DOS Warranty 3/3/3 year (Part, Labor, On-site) )"$"Mesin Pengolahan Data Elektronik"$"Unit"$"Barang"
"itb_plan_price_20527"$"15295104"$"613020071030"$"DESKTOP PC (Spesifikasi : OptiPlex 5040 Mini Tower Intel Core i7-6700 Processor (Quad Core, 8MB, 8T, 3.4GHz, 65W) 4GB (1x4G) 2133MHz DDR4 Memory 3.5 inch 500GB 7200rpm Hard Disk Drive Tray load DVD Drive (Reads and Writes to DVD/CD) Dell E Series E1916H 18.5)"$"Mesin Pengolahan Data Elektronik"$"Unit"$"Barang"
"itb_plan_price_20528"$"8158800"$"606040080008"$"Digital Camera (Spesifikasi : PANASONIC Lumix DMC-GF7 Kit 12-32mm f/3.5-5.6 Spesifikasi: Digital Live MOS Sensor. 16 Megapixels. Full HD. SD/SDHC/SDXC Card Slot. 3.0" Touchscreen LCD. Built-In Wireless Connectivity. Wi-Fi. Light Speed AF and Focus Peaking. Venus Engine Image Processor. Include Lumix G Vario 12-32mm Lens. Garansi Resmi 1 Tahun.)"$"Peralatan Telekomunikasi dan Audio Visual"$"Buah"$"Barang"
"itb_plan_price_20529"$"3600000"$"543020001005"$"DIGITAL DRAWING TABLET (Spesifikasi : CTH-690AK WACOM INTUOS WACOM INTUOS ART MEDIUM CTH-690AK ; Type Pressure-sensitive, cordless, battery-free; Model Medium: CTH-690AK (Black) CTH-690AB (Blue); Active Area Medium: 216 x 135 mm (8.5 x 5.3 in); ExpressKeys Yes, 4 with application specific settings;Multi-Touch Yes; Pressure Levels 1024; Wireless Support Yes (Sold separately); Weight Medium: 480 50g; Resolution 2540 lpi; Reading Speed (pen) 133pps; Pen Intuos Pen; Cables Included Yes; Garansi 1 Tahun.)"$"Aksesoris Komputer"$"Unit"$"Barang"
"itb_plan_price_20530"$"7860000"$"540030143001"$"Digital Milli Gauss Meter (Spesifikasi : Lutron GU 3001 Flux meter for magnet equipment DC/AC milligauss Magnetometer Using exclusive high sensitivity sensor (better performance than the traditional Hall element sensor), available for high precision magnetic field measurement. Wide application for industrial, mechanical, material, electrical, laboratory field to check the material contains magnetic field value. DC and AC magnetic field measurement Wide measure range: ?? 3,000 milligauss The meter can detect the magnetic fields as small as 0.1 milligauss N pole/S pole indicator Separate probe, easy operation and convenient for remote measurement High precision magnetometer, even can measure the absolute environment Earth)"$"Peralatan Ilmiah, Optikal dan Instrumentasi"$"Unit"$"Barang"
"itb_plan_price_20531"$"913251"$"540030144011"$"Digital Multimeter (Spesifikasi : Fluke 15B V ac Range: 0.1 mV to 1000 V V dc Range: 0.1 mV to 1000 V Ohms Range: 0.1 to 40 M A ac Range: 0.1 mA to 10 A A dc Range: 0.1 mA to 10 A Capacitance Range: 0.01 nF to 100 F)"$"Peralatan Ilmiah, Optikal dan Instrumentasi"$"Unit"$"Barang"
"itb_plan_price_20532"$"2380000"$"540030154001"$"Digital Tachometer (Spesifikasi : Lutron DT-2268 International Branded. FEATURES:- Model : DT-2268 * Photo tach. : 5 to 100,000 RPM Contact tach. : 0.5 to 19,999 RPM. Surface speed : m/min, ft/min. * Large LCD display, 20 mm digit height. * Laser light beam for Photo tachometer. * Patented.)"$"Peralatan Ilmiah, Optikal dan Instrumentasi"$"Unit"$"Barang"
"itb_plan_price_20533"$"2875000"$"614030002050"$"Dispenser (Spesifikasi : Polytron Hydra PWC 777 Konsumsi Daya: Hot 450 W Cold 98 W, Voltase: 220 V/50 Hz, Dimensi (w x d x h): 330 x 365 x 1138 mm, Berat: 20 kg, Lain-lain: Cooling Type: Compressor, Anti Spill: Yes, Child Lock System (Hot Water): Yes, Non CFC: Yes, Bottom Gallon: Yes Garansi 1 Tahun)"$"Mesin - Mesin untuk Rumah Tangga"$"Unit"$"Barang"
"itb_plan_price_20534"$"6000000"$"542010066001"$"Doppler vascular pengukur gangguan pembuluh darah arteri/vena/mix arteri dan vena. (Spesifikasi : BT-200 Nama : Vascular dopler bt 200 v, Merk : Bistos, Made in : Korea, garansi : 1 TAHUN)"$"Peralatan Kesehatan & Keselamatan Kerja"$"Unit"$"Barang"
"itb_plan_price_20535"$"36500000"$"606020176005"$"Drone (Spesifikasi : DJI Phantom 4 Pro + Drone Aircraft body, Remote controller with monitor, propeller 8 pcs, Intelligent flight battery, battery charger, power cable, gimbal clamp, usb OTG cable, micro USB cable, microSD card 16GB, Carrying case)"$"Peralatan Telekomunikasi dan Audio Visual"$"Unit"$"Barang"
"itb_plan_price_20536"$"17370"$"537080000000"$"Files Folder (Spesifikasi : Map Plastik L )"$"ATK dan Benda Pos"$"Lusin"$"Barang"
"itb_plan_price_20537"$"2384640"$"542050016002"$"Fire Extingusher (APAR) (Spesifikasi : Yamato ABC Dry Chemical Powder Portable Stored type: YP-10NR with stop V , 3.5Kg Dimensi Tabung : I. Tinggi : 498mm II. Lebar : 225mm III. Diameter body 124mm Garansi standar dari agen / distributor Garansi : 12 Bulan)"$"Peralatan Kesehatan & Keselamatan Kerja"$"Buah"$"Barang"
"itb_plan_price_20538"$"13656000"$"613080038001"$"FPGA Dev. Board (Spesifikasi : Altera DE2-115 Altera DE2-115 Development and Education Board)"$"Mesin Pengolahan Data Elektronik"$"Buah"$"Barang"
"itb_plan_price_20539"$"31000000"$"540050025001"$"Ground Platform (Spesifikasi : Product Code : RB-Nex-59 3WD mini mobile robot kit with Arduino microcontroller and IO expansion board Capable of moving in any direction by changing the velocity and direction of each wheel Speed: 0.6m/s Load capacity: 5kg Includes microcontroller, IO expansion board, DC motor with encoder and ultrasonic sensors Comes assembled with only wheels not attached )"$"Peralatan Ilmiah, Optikal dan Instrumentasi"$"Unit"$"Barang"
"itb_plan_price_20540"$"4176000"$"540030287001"$"Handy LCR Meter (Spesifikasi : Sanwa LCR700 I. Umum LCR Meter II. Main Unit Features : Purpose : Electronic circuit, electronic part, parts material characteristics evaluation Parameters : Ls, Lp, Cs, Cp, Rs, Rp, DCR (ohm) Liquid crystal display : (Main table shown) 20,000 count: Ls / Lp / Cs / Cp / Rs / Rp / DCR (sub-table shown) 2,000 count: D / Q / theta / ESR / RP Terminal : It corresponds to the four-terminal source socket + guard line banana plug Operating Environment : Altitude 2000m below, environment pollution degree II Over Display : With respect to range over, and Table shows the "OL" in the digit portion Battery Drain Check : 4 level Built-in Battery : 6LF22 (alkaline 9V) EMC Standard : It is specified in the case of an environment that exceeds the above conditions or range, of 150 dgt other as overall accuracy = specified accuracy +/- below in DC resistance measurement range: the case of the environment IEC61326-1 field strength of CS3V Safety Standards : IEC61010-031 Auto Power-off : 5 minutes after the operation you performed on your last Storage Temperature/Humidity Range : -20 to 60deg C,80%RH Operating Temperature/Humidity Range : 0 to 50deg C,80%RH Measurement Mode : Series, parallel Measuring Speed (second) : 1.2 times (LCR mode), 0.5 times (DCR mode) Measurement Frequency : 100, 120, 1k, 10k, 100k(Hz) Operating Temperature and Humidity Range : 18 to 28deg C,80%RH Range Switching : Auto Measuring Range : R: 200.00ohm to 200.0Mohm Battery life (hours) : (Auto LCR mode, at 1kHz) about 35 Functions : Auto power off, data hold, relative value (Relative) measurement, backlight, USB connection Power Consumption : About110mW Dimensions (Height H x Width W x Depth D) (mm) : 184x87x45 Power : 9V alkaline battery type 6LR61 external AC adapter (IEC6LF22, NEDA1604A) or one (optional: AD-30-2) Weight (g) : Product Body: 320, holster when mounted: 400 III. Aksesoris/Komponen guard line banana plug IV. Kelengkapan Administrasi : Buku manual Garansi Resmi Min. 1 Tahun)"$"Peralatan Ilmiah, Optikal dan Instrumentasi"$"Unit"$"Barang"
"itb_plan_price_20541"$"1152000"$"606010020003"$"Handy Talky (Spesifikasi : FIRSTCOM FC-77 VHF / UHF DUAL BAND Cross Band Fitur: - Output Power 5W (VHF) 4W (UHF), - 128 Channel Memori, - ANI (DTMF / FSK Format), - Scrambler, - Layar Besar LCD Dot Matrix dan tombol lengkap, - Prioritas Channel Scan, - Pemrograman PC, - CTCSS / DCS, - DTMF Encoder / Decoder, - Radio FM, - VOX, - Tiga Warna tampilan Layar, - Baterai Li-ion (1600mAh) Spesifikasi Umum: - jangkauan Frekuensi: 134-176MHz (VHF) 400 ~ 480MHz (UHF), - Operting Voltage: 7.2V DC, - Suhu Operasional: -20 C -+ 50 C, - Antena Impedansi: 50 Ohm, - Channel Memori: 128, - Berat: 220g (Dengan Baterai), - Ukuran: 100 X 55 X 32 mm Garansi : 12 Bulan)"$"Peralatan Telekomunikasi dan Audio Visual"$"Unit"$"Barang"
"itb_plan_price_20542"$"759000"$"606010020016"$"Handy Talky (Spesifikasi : JACOM Handy Talky [JC-2R UHF] Spesifikasi: Frequency Range UHF 400-470 MHz 99 Channels FM Radio Garansi 1 Tahun)"$"Peralatan Telekomunikasi dan Audio Visual"$"Unit"$"Barang"
"itb_plan_price_20543"$"3240000"$"606010141001"$"HandyTalky (Spesifikasi : Motorola Cp1300 Battery life (standby) Up to 11 hours @5:5:90 cycle with LiIon battery at High Power Up to 9 hours @5:5:90 cycle with NiMH battery at High Power Up to 16 hours @5:5:90 cycle with LiIon (Hicap) battery at High Power Frequency range 136-174 / 350 / 403-446 / 435-480MHz Keypad Limited Display Yes Weight (with standard battery) 335 gms (with LiIon battery), 394.5 gms (with NiMH battery), 342 gms ( with Hicap LiIon battery) Dimensions H x W x D (with standard battery) 120 mm x 55 mm x 35.5mm (with LiIon battery) 120 mm x 55 mm x 36.5mm (with NiMH battery) 120 mm x 55 mm x 40.7mm (with Hicap LiIon battery) DTMF Signalling Number of channels 99 Mil spec 810 C, D, E, F)"$"Peralatan Telekomunikasi dan Audio Visual"$"Buah"$"Barang"
"itb_plan_price_20544"$"3531000"$"530020000000"$"Harddisk (Spesifikasi : 4TB WD Black Caviar Model # WD4003FZEX Interface SATA 6 Gb/s Form Factor 3.5 Inch RPM Class 7200 Capacity 4 TB Cache 64 MB )"$"Peripheral"$"Buah"$"Barang"
"itb_plan_price_20545"$"1488000"$"543010117001"$"Harddisk Eksternal (Spesifikasi : My Passport HDD 2.5" Ext WD 2 TB USB 3.0 Garansi Minimal 1 Tahun)"$"Aksesoris Komputer"$"Unit"$"Barang"
"itb_plan_price_20546"$"1968750"$"543010001057"$"Harddisk External (Spesifikasi : [WDBFJK0030HBK-SESN] My Book Personal Storage USB 3.0 3TB, USB 3.0 (5 GB/s data transfer). Garansi minimal 1 tahun.)"$"Aksesoris Komputer"$"Unit"$"Barang"
"itb_plan_price_20547"$"96850"$"526010000000"$"Helm safety (Spesifikasi : Krisbow Safety Helmet KW10-320 (KW1000320)- Yellow Garansi : 6 Bulan)"$"Barang Habis Pakai untuk Kesehatan & Keselamatan Kerja"$"Unit"$"Barang"
"itb_plan_price_20548"$"1875000"$"02.03.1.2"$"Honorarium Peneliti"$"Honorarium Kegiatan Penelitian/Pengabdian pada Masyarakat"$"Orang Jam"$"Jasa"
"itb_plan_price_20549"$"2200000"$"02.03.1.2"$"Honorarium Peneliti"$"Honorarium Kegiatan Penelitian/Pengabdian pada Masyarakat"$"Orang Jam"$"Jasa"
"itb_plan_price_20550"$"2400000"$"02.03.1.2"$"Honorarium Peneliti"$"Honorarium Kegiatan Penelitian/Pengabdian pada Masyarakat"$"Orang Jam"$"Jasa"
"itb_plan_price_20551"$"2500000"$"02.03.1.2"$"Honorarium Peneliti"$"Honorarium Kegiatan Penelitian/Pengabdian pada Masyarakat"$"Orang Jam"$"Jasa"
"itb_plan_price_20552"$"2880000"$"02.03.1.2"$"Honorarium Peneliti"$"Honorarium Kegiatan Penelitian/Pengabdian pada Masyarakat"$"Orang Jam"$"Jasa"
"itb_plan_price_20553"$"6400000"$"02.03.1.2"$"Honorarium Peneliti"$"Honorarium Kegiatan Penelitian/Pengabdian pada Masyarakat"$"Orang Jam"$"Jasa"
"itb_plan_price_20554"$"10000000"$"02.03.1.2"$"Honorarium Peneliti"$"Honorarium Kegiatan Penelitian/Pengabdian pada Masyarakat"$"Orang Jam"$"Jasa"
"itb_plan_price_20555"$"1500000"$"02.04.3.1"$"Honorarium Peneliti"$"Honorarium Kegiatan Penelitian/Pengabdian pada Masyarakat"$"Orang Jam"$"Jasa"
"itb_plan_price_20556"$"1800000"$"02.10.3.1"$"Honorarium Peneliti"$"Honorarium Kegiatan Penelitian/Pengabdian pada Masyarakat"$"Orang Jam"$"Jasa"
"itb_plan_price_20557"$"2108000"$"02.10.3.1"$"Honorarium Peneliti"$"Honorarium Kegiatan Penelitian/Pengabdian pada Masyarakat"$"Orang Jam"$"Jasa"
"itb_plan_price_20558"$"2232000"$"02.10.3.1"$"Honorarium Peneliti"$"Honorarium Kegiatan Penelitian/Pengabdian pada Masyarakat"$"Orang Jam"$"Jasa"
"itb_plan_price_20559"$"2480000"$"02.10.3.1"$"Honorarium Peneliti"$"Honorarium Kegiatan Penelitian/Pengabdian pada Masyarakat"$"Orang Jam"$"Jasa"
"itb_plan_price_20560"$"3600000"$"02.10.3.1"$"Honorarium Peneliti"$"Honorarium Kegiatan Penelitian/Pengabdian pada Masyarakat"$"Orang Jam"$"Jasa"
"itb_plan_price_20561"$"1406000"$"03.03.1.1"$"Honorarium Peneliti"$"Honorarium Kegiatan Penelitian/Pengabdian pada Masyarakat"$"Orang Jam"$"Jasa"
"itb_plan_price_20562"$"1400000"$"03.05.1.1"$"Honorarium Peneliti"$"Honorarium Kegiatan Penelitian/Pengabdian pada Masyarakat"$"Orang Jam"$"Jasa"
"itb_plan_price_20563"$"1600000"$"03.05.1.1"$"Honorarium Peneliti"$"Honorarium Kegiatan Penelitian/Pengabdian pada Masyarakat"$"Orang Jam"$"Jasa"
"itb_plan_price_20564"$"2400000"$"03.05.1.1"$"Honorarium Peneliti"$"Honorarium Kegiatan Penelitian/Pengabdian pada Masyarakat"$"Orang Jam"$"Jasa"
"itb_plan_price_20565"$"1000000"$"03.02.1.3"$"Honorarium Peneliti"$"Honorarium Kegiatan Pengabdian Masyarakat"$"Orang Jam"$"Jasa"
"itb_plan_price_20566"$"1235000"$"03.02.1.3"$"Honorarium Peneliti"$"Honorarium Kegiatan Pengabdian Masyarakat"$"Orang Jam"$"Jasa"
"itb_plan_price_20567"$"1240000"$"03.02.1.3"$"Honorarium Peneliti"$"Honorarium Kegiatan Pengabdian Masyarakat"$"Orang Jam"$"Jasa"
"itb_plan_price_20568"$"2500000"$"03.02.1.3"$"Honorarium Peneliti"$"Honorarium Kegiatan Pengabdian Masyarakat"$"Orang Jam"$"Jasa"
"itb_plan_price_20569"$"1250000"$"02.09.2.3"$"Honorarium Peneliti P3MI bidang Inovasi & Enterpreunership"$"Honorarium Kegiatan Penelitian P3MI"$"Orang Jam"$"Jasa"
"itb_plan_price_20570"$"2500000"$"02.09.2.3"$"Honorarium Peneliti P3MI bidang Inovasi & Enterpreunership"$"Honorarium Kegiatan Penelitian P3MI"$"Orang Jam"$"Jasa"
"itb_plan_price_20571"$"4920000"$"02.09.2.3"$"Honorarium Peneliti P3MI bidang Inovasi & Enterpreunership"$"Honorarium Kegiatan Penelitian P3MI"$"Orang Jam"$"Jasa"
"itb_plan_price_20572"$"4990000"$"02.09.2.3"$"Honorarium Peneliti P3MI bidang Inovasi & Enterpreunership"$"Honorarium Kegiatan Penelitian P3MI"$"Orang Jam"$"Jasa"
"itb_plan_price_20573"$"5000000"$"02.09.2.3"$"Honorarium Peneliti P3MI bidang Inovasi & Enterpreunership"$"Honorarium Kegiatan Penelitian P3MI"$"Orang Jam"$"Jasa"
"itb_plan_price_20574"$"2880000"$"02.03.1.4"$"Honorarium Peneliti P3MI Bidang Inovasi & Enterpreunership"$"Honorarium Kegiatan Penelitian/Pengabdian pada Masyarakat"$"Orang Jam"$"Jasa"
"itb_plan_price_20575"$"1800000"$"02.10.3.3"$"Honorarium Peneliti P3MI Bidang Inovasi & Enterpreunership"$"Honorarium Kegiatan Penelitian/Pengabdian pada Masyarakat"$"Orang Jam"$"Jasa"
"itb_plan_price_20576"$"2356000"$"02.10.3.3"$"Honorarium Peneliti P3MI Bidang Inovasi & Enterpreunership"$"Honorarium Kegiatan Penelitian/Pengabdian pada Masyarakat"$"Orang Jam"$"Jasa"
"itb_plan_price_20577"$"2604000"$"02.10.3.3"$"Honorarium Peneliti P3MI Bidang Inovasi & Enterpreunership"$"Honorarium Kegiatan Penelitian/Pengabdian pada Masyarakat"$"Orang Jam"$"Jasa"
"itb_plan_price_20578"$"2728000"$"02.10.3.3"$"Honorarium Peneliti P3MI Bidang Inovasi & Enterpreunership"$"Honorarium Kegiatan Penelitian/Pengabdian pada Masyarakat"$"Orang Jam"$"Jasa"
"itb_plan_price_20579"$"3600000"$"02.10.3.3"$"Honorarium Peneliti P3MI Bidang Inovasi & Enterpreunership"$"Honorarium Kegiatan Penelitian/Pengabdian pada Masyarakat"$"Orang Jam"$"Jasa"
"itb_plan_price_20580"$"1000000"$"02.09.2.1"$"Honorarium Peneliti P3MI bidang Penelitian"$"Honorarium Kegiatan Penelitian P3MI"$"Orang Jam"$"Jasa"
"itb_plan_price_20581"$"1700000"$"02.09.2.1"$"Honorarium Peneliti P3MI bidang Penelitian"$"Honorarium Kegiatan Penelitian P3MI"$"Orang Jam"$"Jasa"
"itb_plan_price_20582"$"1875000"$"02.09.2.1"$"Honorarium Peneliti P3MI bidang Penelitian"$"Honorarium Kegiatan Penelitian P3MI"$"Orang Jam"$"Jasa"
"itb_plan_price_20583"$"2000000"$"02.09.2.1"$"Honorarium Peneliti P3MI bidang Penelitian"$"Honorarium Kegiatan Penelitian P3MI"$"Orang Jam"$"Jasa"
"itb_plan_price_20584"$"2356000"$"02.09.2.1"$"Honorarium Peneliti P3MI bidang Penelitian"$"Honorarium Kegiatan Penelitian P3MI"$"Orang Jam"$"Jasa"
"itb_plan_price_20585"$"2500000"$"02.09.2.1"$"Honorarium Peneliti P3MI bidang Penelitian"$"Honorarium Kegiatan Penelitian P3MI"$"Orang Jam"$"Jasa"
"itb_plan_price_20586"$"2604000"$"02.09.2.1"$"Honorarium Peneliti P3MI bidang Penelitian"$"Honorarium Kegiatan Penelitian P3MI"$"Orang Jam"$"Jasa"
"itb_plan_price_20587"$"2728000"$"02.09.2.1"$"Honorarium Peneliti P3MI bidang Penelitian"$"Honorarium Kegiatan Penelitian P3MI"$"Orang Jam"$"Jasa"
"itb_plan_price_20588"$"3750000"$"02.09.2.1"$"Honorarium Peneliti P3MI bidang Penelitian"$"Honorarium Kegiatan Penelitian P3MI"$"Orang Jam"$"Jasa"
"itb_plan_price_20589"$"12500000"$"02.09.2.1"$"Honorarium Peneliti P3MI bidang Penelitian"$"Honorarium Kegiatan Penelitian P3MI"$"Orang Jam"$"Jasa"
"itb_plan_price_20590"$"1875000"$"02.03.1.3"$"Honorarium Peneliti P3MI Bidang Penelitian"$"Honorarium Kegiatan Penelitian/Pengabdian pada Masyarakat"$"Orang Jam"$"Jasa"
"itb_plan_price_20591"$"2400000"$"02.03.1.3"$"Honorarium Peneliti P3MI Bidang Penelitian"$"Honorarium Kegiatan Penelitian/Pengabdian pada Masyarakat"$"Orang Jam"$"Jasa"
"itb_plan_price_20592"$"2500000"$"02.03.1.3"$"Honorarium Peneliti P3MI Bidang Penelitian"$"Honorarium Kegiatan Penelitian/Pengabdian pada Masyarakat"$"Orang Jam"$"Jasa"
"itb_plan_price_20593"$"3400000"$"02.03.1.3"$"Honorarium Peneliti P3MI Bidang Penelitian"$"Honorarium Kegiatan Penelitian/Pengabdian pada Masyarakat"$"Orang Jam"$"Jasa"
"itb_plan_price_20594"$"4000000"$"02.03.1.3"$"Honorarium Peneliti P3MI Bidang Penelitian"$"Honorarium Kegiatan Penelitian/Pengabdian pada Masyarakat"$"Orang Jam"$"Jasa"
"itb_plan_price_20595"$"6400000"$"02.03.1.3"$"Honorarium Peneliti P3MI Bidang Penelitian"$"Honorarium Kegiatan Penelitian/Pengabdian pada Masyarakat"$"Orang Jam"$"Jasa"
"itb_plan_price_20596"$"10000000"$"02.03.1.3"$"Honorarium Peneliti P3MI Bidang Penelitian"$"Honorarium Kegiatan Penelitian/Pengabdian pada Masyarakat"$"Orang Jam"$"Jasa"
"itb_plan_price_20597"$"1000000"$"02.04.3.2"$"Honorarium Peneliti P3MI Bidang Penelitian"$"Honorarium Kegiatan Penelitian/Pengabdian pada Masyarakat"$"Orang Jam"$"Jasa"
"itb_plan_price_20598"$"1500000"$"02.04.3.2"$"Honorarium Peneliti P3MI Bidang Penelitian"$"Honorarium Kegiatan Penelitian/Pengabdian pada Masyarakat"$"Orang Jam"$"Jasa"
"itb_plan_price_20599"$"1800000"$"02.10.3.2"$"Honorarium Peneliti P3MI Bidang Penelitian"$"Honorarium Kegiatan Penelitian/Pengabdian pada Masyarakat"$"Orang Jam"$"Jasa"
"itb_plan_price_20600"$"1000000"$"03.02.2.1"$"Honorarium Peneliti P3MI bidang Penelitian"$"Honorarium Kegiatan Pengabdian Masyarakat P3MI"$"Orang Jam"$"Jasa"
"itb_plan_price_20601"$"1235000"$"03.02.2.1"$"Honorarium Peneliti P3MI bidang Penelitian"$"Honorarium Kegiatan Pengabdian Masyarakat P3MI"$"Orang Jam"$"Jasa"
"itb_plan_price_20602"$"1240000"$"03.02.2.1"$"Honorarium Peneliti P3MI bidang Penelitian"$"Honorarium Kegiatan Pengabdian Masyarakat P3MI"$"Orang Jam"$"Jasa"
"itb_plan_price_20603"$"2500000"$"03.02.2.1"$"Honorarium Peneliti P3MI bidang Penelitian"$"Honorarium Kegiatan Pengabdian Masyarakat P3MI"$"Orang Jam"$"Jasa"
"itb_plan_price_20604"$"1406000"$"03.03.1.2"$"Honorarium Peneliti P3MI bidang Pengabdian Masyarakat"$"Honorarium Kegiatan Penelitian/Pengabdian pada Masyarakat"$"Orang Jam"$"Jasa"
"itb_plan_price_20605"$"1400000"$"03.05.1.2"$"Honorarium Peneliti P3MI bidang Pengabdian Masyarakat"$"Honorarium Kegiatan Penelitian/Pengabdian pada Masyarakat"$"Orang Jam"$"Jasa"
"itb_plan_price_20606"$"1600000"$"03.05.1.2"$"Honorarium Peneliti P3MI bidang Pengabdian Masyarakat"$"Honorarium Kegiatan Penelitian/Pengabdian pada Masyarakat"$"Orang Jam"$"Jasa"
"itb_plan_price_20607"$"25500000"$"04.04.1.1"$"Honorarium Tim Adhoc"$"Honorarium Tim Adhoc"$"Orang Kegiatan"$"Jasa"
"itb_plan_price_20608"$"6500"$"537140000000"$"Isi Pensil mekanik (Spesifikasi : isi refill pensil mekanik 2B Pentel 0.5)"$"ATK dan Benda Pos"$"Buah"$"Barang"
"itb_plan_price_20609"$"690000"$"523020000000"$"Jam Dinding (Spesifikasi : Merk Seiko Asli Japan Diameter : 40 cm Garansi 1 tahun)"$"Alat Pendukung Instrumentasi"$"Buah"$"Barang"
"itb_plan_price_20610"$"1000000"$"540030261001"$"Jangka Sorong Digital (Spesifikasi : Mitutoyo 0-300mm/0.01 Accuracy:0.01mm; Brand Name:Mitutoyo Color:Silver,Black; Material:Stainless SteelDIY; Supplies:Metalworking; Measurement Range:0-300mm; Model Number:500-173; Measuring Range:12" / 300mm; Resolution:Decimals 0.0005" - Fractions to > 1/128" - Metric 0.01mm; Accuracy:+/-0.001"; Type:Absolute; SPC Output:NO; Measuring speed:unlimited; Power:LR44 lithium battery Garansi 1 Tahun )"$"Peralatan Ilmiah, Optikal dan Instrumentasi"$"Unit"$"Barang"
"itb_plan_price_20611"$"569250"$"530010000000"$"Kable (Spesifikasi : Kabel VGA Original @25 meter)"$"Peripheral"$"Buah"$"Barang"
"itb_plan_price_20612"$"1258800"$"606060118001"$"Kamera CCTV (Spesifikasi : D-Link DCS 5020L VGA 1/5"CMOS sensor F2.0 Lens Up to 4x Digital Zoom MJPEG Codecs 8MB Flash Memory 64MB SDRAM Up to 8 meter illumination Distance Wireless Range Extende Garansi minimal 1 tahun)"$"Peralatan Telekomunikasi dan Audio Visual"$"Set"$"Barang"
"itb_plan_price_20613"$"4078800"$"606020223001"$"Kamera CCTV (Spesifikasi : TRENDNETTV-IP311PI TRENDNET Outdoor 3MP Full HD PoE Dome Day/Night Network Camera (TV-IP311PI), 3 Megapixel Resolution Compact IP66 Weather Rated Housing Night Vision up to 25 meters (82 ft) Save Installation Costs with Power Over Ethernet (PoE) Program Motion Detection Recording and Email Alerts Vandal Resistant Housing Digital Wide Dynamic Range Image Balancing ONVIF and IPv6 Support Garansi: 12 Bulan dari Distributor Resmi di Indonesia)"$"Peralatan Telekomunikasi dan Audio Visual"$"Unit"$"Barang"
"itb_plan_price_20614"$"25860000"$"606040055010"$"Kamera DSLR (Spesifikasi : CANON EOS 80D Kit3 (EF-S18-200 IS). 24.2 Megapixels CMOS Sensor 3.0" 1.04m-Dot Vari-Angle Touchscreen Built-in Wi-Fi SD/SDHC/SDXC Memory Cards 45-Point All Cross-Type AF System EOS 80D Bodi Include EF-S 18-200mm f/3.5-5.6 IS Lens, 64 GB SD Card, kelengkapan baterai dan kabel-kabel, Tas Kamera Canon EOS 80D, Garansi minimal 1 tahun)"$"Peralatan Telekomunikasi dan Audio Visual"$"Unit"$"Barang"
"itb_plan_price_20615"$"12538800"$"606020241001"$"Kamera Video (Spesifikasi : Panasonic Pixel 17.5 MP, Memory Card Type SD / SDHC / SDXC, Optical Zoom 20x, Video Resolution 1920x1080)"$"Peralatan Telekomunikasi dan Audio Visual"$"Unit"$"Barang"
"itb_plan_price_20616"$"32100"$"527020000000"$"Kertas HVS A4 Non S (Spesifikasi : 80 Gram Bola Dunia)"$"Kertas"$"Rim"$"Barang"
"itb_plan_price_20617"$"500000"$"523010000000"$"Komponen Elektronika (Spesifikasi : Komponen Pasif Resistor : 1/2 watt toleransi 5% . Range nilai standar E24 ,orde : Ohm, puluh ohm, ratus Ohm dan kilo Ohm masing-masing 100pcs, Capasitor keramik 100pF 10pcs, Capasitor keramik 330pF, 10pcs, Capasitor keramik 470pF 10pcs, Capasitor MKM 1 nF 5pcs, Capasitor MKM 22 nF 5pcs, Capasitor MKM 47 nF 5pcs )"$"Alat Pendukung Instrumentasi"$"Unit"$"Barang"
"itb_plan_price_20618"$"20000"$"614020052001"$"Komponen tambahan instalasi AC (Spesifikasi : Paket komponen instalasi AC)"$"Mesin - Mesin untuk Rumah Tangga"$"Paket"$"Barang"
"itb_plan_price_20619"$"9000000"$"613020004001"$"Komputer (Spesifikasi : HP All-in-One 20-C039D Core i3 Platform : Desktop PC; Tipe Prosesor : Intel Core i3 Processor Onboard : Intel Core i3-6100U Processor (2.3 GHz, 3M Cache); Chipset : Intel H110; Memori Standar : 4GB DDR4; Max. Memori : 16 GB; Memori Slot : 2 SODIMM; Tipe Grafis : Intel HD Graphics; Audio : Integrated; DTS Studio Sound Speaker : Integrated Hard Drive : 500 GB HDD; Optical Drive : DVD-RW; Networking : Integrated; Kecepatan Jaringan : 10 / 100 / 1000 Mbps; Keyboard : USB Keyboard; Ragam Input Device : Optical USB mouse; Ragam Card Reader : 3 in 1 Media Reader; SD/SDHC/SDXC; Antarmuka / Interface : 2 USB 3.0; 2 USB 2.0; HDMI; Microphone and Headphone Jack; Sistem Operasi : Microsoft Windows 10; Monitor : 19.5 Inch; Resolusi : 1920 x 1080 : Chassis Form Factor : All in one design ; Daya / Power : 65 W AC power adapter ; Dimensi : 37.1 x 46.7 x 18.3 cm)"$"Mesin Pengolahan Data Elektronik"$"Unit"$"Barang"
"itb_plan_price_20620"$"187000"$"526020000000"$"Kotak P3K (Spesifikasi : First Aid Box Besar MC-11, Ukuran = 44cm x 33cm x 13cm, Magnetic shutting door system)"$"Barang Habis Pakai untuk Kesehatan & Keselamatan Kerja"$"Unit"$"Barang"
"itb_plan_price_20621"$"110000"$"531010116001"$"Kursi Bangku Besi Kayu (Spesifikasi : Bangku kerja/untuk praktikum, kaki 4 dari pipa besi warna hitam, alas bangku dari papan kayu bentuk bulat warna plitur, tinggi 65 cm.)"$"Furniture"$"Buah"$"Barang"
"itb_plan_price_20622"$"1380000"$"531010011034"$"Kursi Kerja (Spesifikasi : Kursi Kantor: INDACHI-D3008 CR Width: 48cm, Depth: 44cm, High: 89-97cm Garansi : 12 Bulan)"$"Furniture"$"Buah"$"Barang"
"itb_plan_price_20623"$"518400"$"531010001048"$"Kursi Kuliah (Spesifikasi : Futura FTR 747 Rangka : Pipa bulat, kaki belakang berbentuk H, dilengkapi meja tulis dan rak buku, Finishing : Nickel Chrome plating, Ketebalan Chorome : 12 Mikron, Dimensi : 1.040x210x490 (mm), Tebal papan meja : 18 mm, Material papan meja : Multiplek (Playwood), Ketebalan triplek sandaran : 3 mm tol 0,5 mm, Ketebalan triplek dudukan : 4 mm tol 0,5mm Bahan kain : Oscar Garansi Min. 1 Tahun)"$"Furniture"$"Unit"$"Barang"
"itb_plan_price_20624"$"1860000"$"531010004002"$"Kursi Manager (Spesifikasi : Kursi Director and Manager Indachi D- 2013 CR Width 46cm. Depth 43 cm, high 85-95 cm Garansi Min. 1 Tahun)"$"Furniture"$"Unit"$"Barang"
"itb_plan_price_20625"$"1368000"$"531010004021"$"Kursi Manager (Spesifikasi : Staff/Manager Chairman MC-1101 Spesifikasi: Armrest: Tatakan tangan menambahkan kenyamanan Gaslift Hydrolic : Kursi mudah di naik-turunkan secara otomatis hanya dengan sebuah tuas Sandaran dengan Tilting Control :Bisa diayun ke depan-belakang, dilengkapi dengan per standar. Rangka kaki Nylon/Plastik, Bahan Oscar / Fabric :Dapat dipilih antara kulit sintentis (oscar) atau kain (fabric). Garansi 1 tahun)"$"Furniture"$"Unit"$"Barang"
"itb_plan_price_20626"$"2878800"$"531010008002"$"Kursi Rapat (Spesifikasi : Office Chair Council with Wheel 8110-A Black (F); Stock Code X114311, Height : 105 cm Width : 60 cm Seat height : 60 cm Armrest height : 78 cm Seat width : 50 cm Back width : 48 cm Radius footbase : 32 cm Artificial Leather Chrome metal armrest Chrome metal footbase Color : Black)"$"Furniture"$"Buah"$"Barang"
"itb_plan_price_20627"$"2466000"$"531010003002"$"Kursi Tunggu (Spesifikasi : Fantoni 7036/4 Dudukan (Ukuran Besar) Kursi Tunggu 4 Dudukan dengan bahan full metal, Sandaran, cat powder coating list chrome. Ukuran panjang 240cm, Garansi min 1 tahun)"$"Furniture"$"Unit"$"Barang"
"itb_plan_price_20628"$"122910"$"544040000000"$"Lap Piring (Spesifikasi : Ukuran 50 x 50 Cm)"$"Peralatan Rumah Tangga"$"Lusin"$"Barang"
"itb_plan_price_20629"$"12000000"$"613030071001"$"Laptop (Spesifikasi : ACER Aspire E5-473G (Core i7-4510U Win 10) ACER Aspire E5-473G (Core i7-4510U Win 10) - Charcoal Gray; Platform Notebook Tipe Prosesor Intel Core i7 Processor Onboard Intel Core i7-4510U Processor (2 GHz, 4M Cache) up to 3.10 GHz Memori Standar 4 GB DDR3 Tipe Grafis Nvidia GeForce 940M 2GB Ukuran Layar 14 Inch Resolusi Layar 1366 x 768 Tipe Layar LED Backlit Audio Integrated Speaker Integrated Kapasitas Penyimpanan 1TB HDD Garansi Minimal 1 Tahun)"$"Mesin Pengolahan Data Elektronik"$"Unit"$"Barang"
"itb_plan_price_20630"$"10827285"$"613030098006"$"LAPTOP/NOTEBOOK (Spesifikasi : (Corporate) HP 348 G4 Processor Intel Core i3 7100U 2.4 GHz Memory 16GB DDR4 HDD 1TB 7200 RPM ODD DVD SuperMulti VGA Intel HD Graphics 520 DOS Wifi 802.11 ac Integrated Gbe LAN Bluetooth 4.0 SD Card Reader Battery 4 Cell 14 inch HD Warranty 3/3/3 year (Part, Labor, On-site))"$"Mesin Pengolahan Data Elektronik"$"Unit"$"Barang"
"itb_plan_price_20631"$"16000000"$"613030006069"$"Laptop/Notebook (Spesifikasi : ASUS ROG GL552VX-DM229D Non Windows - Black Spesifikasi: Intel Core i7-6700HQ, 8GB DDR4, 1TB HDD, DVDRW, WiFi, VGA Nvidia GeForce GTX950M 4GB, Camera, 15.6" FHD,Non OS. Garansi Resmi Min. 1 Tahun.)"$"Mesin Pengolahan Data Elektronik"$"Unit"$"Barang"
"itb_plan_price_20632"$"13233699"$"613030061014"$"LAPTOP/NOTEBOOK (Spesifikasi : HP 348 G3 Processor Intel Core i7 6500U 2.5 GHz Memory 4GB DDR4 HDD 1TB 7200 RPM ODD DVD SuperMulti VGA Intel HD Graphics 520 DOS Wifi 802.11 ac Integrated Gbe LAN Bluetooth 4.0 SD Card Reader Battery 4 Cell 14 inch HD Warranty 3/3/3 year (Part, Labor, On-site) )"$"Mesin Pengolahan Data Elektronik"$"Unit"$"Barang"
"itb_plan_price_20633"$"690000"$"543050005012"$"LASER POINTER (Spesifikasi : LOGITECH Wireless Presenter R400 Wireless Presenter Wireless Presenter, Wireless mini-receiver, 2 AAA batteries, Carrying case Garansi Resmi Min. 1 Tahun)"$"Aksesoris Komputer"$"Unit"$"Barang"
"itb_plan_price_20634"$"1320000"$"606020126027"$"Layar Projector (Spesifikasi : ALPHA, Projector Screen (Portable Type), model : 100 inch International branded : I. ALPHA, Projector Screen (Portable Type), model : 100 inch International branded : I. Modul Spesifikasi minimum : - Screen size : range 95 inch - 100 inch, 4:3 - Type : With tripod Kelengkapan pendukung - Bergaransi resmi distributor/agen Indonesia)"$"Peralatan Telekomunikasi dan Audio Visual"$"Buah"$"Barang"
"itb_plan_price_20635"$"5840000"$"606060123001"$"Layar Proyektor (Spesifikasi : Screen Motorize 96inch (244x244 cm), KEYSTONE Motorize Termasuk jasa pemasangan, instalasi kabel listrik 3 x 1.5 NYM sekitar 10M Garansi 1 Tahun)"$"Peralatan Telekomunikasi dan Audio Visual"$"Unit"$"Barang"
"itb_plan_price_20636"$"16560000"$"606020088073"$"LCD Projector (Spesifikasi : Epson EB-1930 XGA, 4:3, 4200 lumens, 3000:1, Auto-V Keystone, H-Keystone Button, 2 Comp IN/1 Comp OUT, HDMI, Display Port, USB type-A/B, 2 Audio IN/1 Audio OUT, NO Wifi, Garansi Resmi Min. 1 Tahun)"$"Peralatan Telekomunikasi dan Audio Visual"$"Unit"$"Barang"
"itb_plan_price_20637"$"6000000"$"606020088071"$"LCD Projector (Spesifikasi : Epson EB-S300 Spesifikasi: SVGA, 3000 lumens, 15000:1, Comp IN, Auto V-Keystone, H-Keystone Slider, Quick Corner, RCA, S-Video, HDMI (MHL Not Supported), 1 USB Type-A/B, Wifi (ELPAP10), Garansi Resmi 1 Tahun)"$"Peralatan Telekomunikasi dan Audio Visual"$"Unit"$"Barang"
"itb_plan_price_20638"$"12779000"$"606020092019"$"LED TV (Spesifikasi : SONY 55 Inch TV LED [KDL-55W650D] Spesifikasi: 55". X-Reality PRO. Dolby Digital. 1980 x 1080 (Full HD). HDMI. Garansi: 12 Bulan dari Distributor Resmi di Indonesia.)"$"Peralatan Telekomunikasi dan Audio Visual"$"Unit"$"Barang"
"itb_plan_price_20639"$"5480"$"537090000000"$"Lem Kertas (Spesifikasi : Glue tube 7 mL)"$"ATK dan Benda Pos"$"Tube"$"Barang"
"itb_plan_price_20640"$"1514700"$"531030003077"$"Lemari Arsip (Spesifikasi : Filing Cabinet Brother B-102 2 laci, Uk. 455 x 620 x 735 mm, Bahan: Metal Garansi 1 Tahun dan Instalasi.)"$"Furniture"$"Unit"$"Barang"
"itb_plan_price_20641"$"3372000"$"531030003080"$"Lemari Arsip (Spesifikasi : Lemari Arsip Pintu Sliding Kaca Tinggi Brother B-304 (3 Rak) Ukuran : 183 H x 88 W x 45 D cm Garansi 1 Tahun dan Instalasi)"$"Furniture"$"Unit"$"Barang"
"itb_plan_price_20642"$"2880000"$"531030001001"$"Lemari Kaca 2 Tingkat (Spesifikasi : Krisbow KW1700196 Lemari besi kaca Krisbow, FILE CABINET SWING 180x90x39CM BLUE, Features : 2 Shelving in Glass Doors, 1 Shelving in Steel Doors Garansi Min. 1 Tahun dan Instalasi.)"$"Furniture"$"Unit"$"Barang"
"itb_plan_price_20643"$"8940000"$"606040111001"$"Lensa Kamera (Spesifikasi : Nikon Pixel 17.5 MP, Memory Card Type SD / SDHC / SDXC, Optical Zoom 20x, Video Resolution 1920x1080)"$"Peralatan Telekomunikasi dan Audio Visual"$"Unit"$"Barang"
"itb_plan_price_20644"$"8000"$"537130000000"$"Materai (Spesifikasi : Materai )"$"ATK dan Benda Pos"$"Buah"$"Barang"
"itb_plan_price_20645"$"3300"$"537130000000"$"Materai 3000 (Spesifikasi : Nominal 3000)"$"ATK dan Benda Pos"$"Buah"$"Barang"
"itb_plan_price_20646"$"660000"$"606020150001"$"MEGAPHONE TOA TIPE ZR-2015 S (Spesifikasi : TOA ZR-2015S Spesifikasi: Output : Rated 15W Power Source : 9V DC R14P (SUM-2) atau C Batteries AA 6 pcs Audible Range : Approx. 400m Siren : Approx. 500m Siren Mode : Push to Talk, override the sirene signal Outer Horn Diameter : 210 mm Length : 310 mm Weight : 970 g Microphone Weight : 130 g (cable excluded) Garansi 1 Tahun )"$"Peralatan Telekomunikasi dan Audio Visual"$"Ampl"$"Barang"
"itb_plan_price_20647"$"1200000"$"531020065003"$"Meja Lipat (Spesifikasi : Informa X082324 Meja Lipat Faye2 120x45x75 cm Spesifikasi : Brand : Others Code : X082324 Color : BROWN,WOOD Dimension : CM Length : 122 Width : 47 Height : 12 Finishing : COATING POWDER Material : BLANK Garansi 1 Tahun)"$"Furniture"$"Unit"$"Barang"
"itb_plan_price_20648"$"2753850"$"604010004006"$"Mesin Absensi (Spesifikasi : SOLUTION Mesin Absensi [X100C] (C) Standalone 10.000 fingerprint 200.000 records TCP/IP (RJ45) RS232/485 USB Cable USB Disk TFT Color 3 Inch PhotoID Web Server Scheduled Bell SMS Message Workcode 4 Function Keys Garansi 1 Tahun. Pengiriman Ke ITB Cirebon.)"$"Mesin-Mesin Perkantoran"$"Unit"$"Barang"
"itb_plan_price_20649"$"1472000"$"529010009003"$"mesin bor tangan (Spesifikasi : Bosch Drill (GBM 13 RE) Spesifikasi: ??? Diameter Sekrup 13mm ??? Kecepatan tanpa Beban 0-2800rpm ??? Input daya 600 W ??? Dapat diputar balik Garansi Min. 1 Tahun)"$"Peralatan Bangunan, Bengkel, Pertukangan dan Penerangan"$"Unit"$"Barang"
"itb_plan_price_20650"$"825000"$"529010009002"$"mesin bor tangan (Spesifikasi : BOSCH GBM 350 RE POSCH 300 Watt 220 Volt garansi 1 tahun)"$"Peralatan Bangunan, Bengkel, Pertukangan dan Penerangan"$"Buah"$"Barang"
"itb_plan_price_20651"$"2874960"$"604070017019"$"Mesin Penghancur Kertas (Spesifikasi : Aurora 1610 SB Lebar Kertas Masuk : 220 mm; Hasil potongan : strip cut, 6 mm; jumlah kertas : 16 lembar; kecepatan potong : 3 m/mln; Volume Box : 23 liter; Ukuran : 366 x 292 x 500 mm; Berat : 14 kg; Fitur Utama : Autor Start/ Stop, Proteksi Overload, Proteksi Overheat; Garansi Resmi 1 Tahun.)"$"Mesin-Mesin Perkantoran"$"Unit"$"Barang"
"itb_plan_price_20652"$"25025000"$"604050004010"$"Mesin PhotoCopy (Spesifikasi : TOSHIBA e-STUDIO 2505H A3 TOSHIBA e-STUDIO 2505H A3 (Through standard ADF) ,600 x 600 dpi, Black/White 25 ppm Print, 600 x 600 dpi Scan, Black/White 25 cpm Copy, 300 sheets, Standard Duplex, USB Garansi: 12 bulan dari Distributor Resmi di Indonesia)"$"Mesin-Mesin Perkantoran"$"Unit"$"Barang"
"itb_plan_price_20653"$"4453507"$"540020220001"$"Multifunction Data Acquisition (Spesifikasi : NI-6008 12-Bit, 10 kS/s Low-Cost Multifunction DAQ 8 analog inputs (12-bit, 10 kS/s) 2 analog outputs (12-bit, 150 S/s); 12 digital I/O; 32-bit counter Bus-powered for high mobility; built-in signal connectivity OEM version available Compatible with LabVIEW, LabWindows???/CVI, and Measurement Studio for Visual Studio .NET Garansi : 12)"$"Peralatan Ilmiah, Optikal dan Instrumentasi"$"Unit"$"Barang"
"itb_plan_price_20654"$"9240000"$"540020499001"$"Multifunction Digital Oscilloscope (Spesifikasi : Hantek MSO5074FG , 4 Channel Oscilloscope+ 8 Channel Logic Analyzer + 25MHz Arb. Waveform Generator, 7 inch 64K Color Display, USB. Oscilloscope: 1Gsa/s Real Sample Rate; 4 Channels Oscilloscope; 70MHz Bandwidth, 1M Record Length; 32 automotive measurement and FFT Analysis for Simplified Waveform Abalysis. Logic Analyzer: 8 Channles Logic Analyzer; 500MHz Sample Rate 1MRecord Length Arb. Waveform Generator (Only MSO5074FG): 25MHz Arb. Waveform Generator Output(Sine wave up to 75MHz) 200MSa/s Sample Rate; 12bit Pattern Generator 50MHz Frenquery Counter included Wide response wavelengthName: High Voltage Oscilloscope Probe Model: 2100 Color: black Length of cable: about 110cm Accessories included: 2 x probe (2100 100MHz X1/X10) )"$"Peralatan Ilmiah, Optikal dan Instrumentasi"$"Unit"$"Barang"
"itb_plan_price_20655"$"13440000"$"540020437001"$"Multiple Output Dual Range DC Power Supply (Spesifikasi : GW Instek SPD3606 I. Umum DC Power Supply dengan multiple output II. Main Unit Product Features: Three independent, isolated output CH3 adjustable output : 0.1~5V/3A High efficiency power conversion (up to 25% more than traditional power supply) Remote output on/off control OVP to protect the DUT OTP to protect SPD-3606 to decrease the repair rate Compact size, light weight Low Fan acoustic noise with fan speed control circuit Voltage/current protection knob (option) The SPD-3606 DC power supply provides 375W output capacity, three isolated outputs with dual-range for CH1/CH2, highly efficient power conversion, low noise, high reliability, thorough protection, high economic value and compact size. The SPD3606 creates a new bench mark for satisfying main stream power supply demands. CH1/CH2 offer dual-range output either at 30V/6A or 60V/3A per channel to accommodate broad applications in one unit. With the auto Series/Parallel tracking operation, the SPD-3606 is able to provide the master output at 30V/12A, 60V/6A, or 120V/3A covering three output applications in one unit. High power density and high power conversion efficiency lets the SPD-3606 consume less energy and align itself with global environment protection concerns. In addition, the high power density makes the SPD-3606 weigh less than half and occupy much less space compared with linear power supplies. III. Peralatan Pendukung (media untuk interface atau integrasi dengan alat yang dibutuhkan) Garansi Resmi Min. 1 Tahun, dan Uji fungsi.)"$"Peralatan Ilmiah, Optikal dan Instrumentasi"$"Unit"$"Barang"
"itb_plan_price_20656"$"8000000"$"540010213001"$"N.1.1 Calibration Kit (Spesifikasi : PLANAR TR 1300/1 Connector tipe N; Impedance 50 ohm; Frequency up to 1,5 GHz. )"$"Peralatan Ilmiah, Optikal dan Instrumentasi"$"Unit"$"Barang"
"itb_plan_price_20657"$"47000000"$"540010214001"$"Network Analyzer TR1300/1 (Spesifikasi : PLANAR TR 1300/1 Frequency 300 kHz to 1.5 GHz. )"$"Peralatan Ilmiah, Optikal dan Instrumentasi"$"Unit"$"Barang"
"itb_plan_price_20658"$"4000000"$"540040157001"$"NMale-NMale Cable C50NMNM.2 (Spesifikasi : TR 1300/1 NMale-NMale Cable C50NMNM.2 TR 1300/1NMale-NMale Cable C50NMNM.2 ype: N Connector Length: 60 cm Maximum operating frequency: 18 GHz Compatibility: All Planar VNAs Our N-type test cable is made to ideally suit our larger line of vector network analyzers. The C50NMNM.2 operates at a frequency of 18000 MHz and is compatible with our PC-driven vector network analyzers. bergaransi)"$"Peralatan Ilmiah, Optikal dan Instrumentasi"$"Unit"$"Barang"
"itb_plan_price_20659"$"57750"$"407010000000"$"Obat-obatan P3K (Spesifikasi : Terdiri dari obat untuk perawatan luka dan obat-obatan standar P3K)"$"Obat-obatan dan Sejenisnya"$"Paket"$"Barang"
"itb_plan_price_20660"$"10000"$"103060000000"$"Paket Konsumsi (Spesifikasi : )"$"Makanan dan Bahan Makanan"$"Paket"$"Barang"
"itb_plan_price_20661"$"375000"$"531050012032"$"Papan Tulis (Spesifikasi : merek Sakura dengan List Alumunium Magnetic Whiteboard 0,6 x 1.2m, merek Sakura dengan List Alumunium Garansi : 12 Bulan)"$"Furniture"$"Buah"$"Barang"
"itb_plan_price_20662"$"2100000"$"531050012011"$"Papan Tulis (Spesifikasi : Merk SAKURA Papan Tulis Magnetic WHITEBOARD MOBILE STAND, dilengkapi kaki beroda, dilengkapi pengunci, Stand Besi, ukuran 120 x 240 Bergaransi)"$"Furniture"$"Buah"$"Barang"
"itb_plan_price_20663"$"1320000"$"531050012027"$"Papan Tulis (Spesifikasi : Whiteboard Gantung Sakura Satu Muka Ukuran 120 cm x 240 cm Garansi 1 Tahun)"$"Furniture"$"Buah"$"Barang"
"itb_plan_price_20664"$"12495671"$"613020084008"$"PC All In One (Spesifikasi : (Corporate) HP ProOne 400 G3 Intel Core i5 7500 3.4GHz RAM 4GB HDD 1TB ODD SM VGA OB 20 inch LED Monitor non Touch Include Keyboard & Mouse DOS Warranty 3/3/3 year (Part, Labor, On-site) Easel Stand)"$"Mesin Pengolahan Data Elektronik"$"Unit"$"Barang"
"itb_plan_price_20665"$"10893620"$"613020072008"$"PC All In One (Spesifikasi : HP ProOne 400 G2 Intel Core i5 6500 3.2GHz RAM 4GB HDD 1TB ODD SM VGA OB 20 inch LED Monitor non Touch Include Keyboard & Mouse DOS Warranty 3/3/3 year (Part, Labor, On-site) Easel Stand )"$"Mesin Pengolahan Data Elektronik"$"Unit"$"Barang"
"itb_plan_price_20666"$"16658676"$"613020072018"$"PC All In One (Spesifikasi : HP ProOne 400 G2 Intel Core i7 6700 3.4GHz RAM 16GB HDD 1TB ODD SM VGA OB 20 inch LED Monitor non Touch Include Keyboard & Mouse DOS Warranty 3/3/3 year (Part, Labor, On-site) Easel Stand )"$"Mesin Pengolahan Data Elektronik"$"Unit"$"Barang"
"itb_plan_price_20667"$"15440376"$"613020072013"$"PC All In One (Spesifikasi : HP ProOne 400 G2 Intel Core i7 6700 3.4GHz RAM 4GB HDD 500GB ODD SM VGA OB 20 inch LED Monitor non Touch Include Keyboard & Mouse DOS Warranty 3/3/3 year (Part, Labor, On-site) Easel Stand )"$"Mesin Pengolahan Data Elektronik"$"Unit"$"Barang"
"itb_plan_price_20668"$"9801000"$"613020063030"$"PC All In One (Spesifikasi : Lenovo C40-30 I5-5200U Lenovo C40-30 I5-5200U Processor 2.2G 3M Cache, ???DDR3 4GB,???HDD 500GB , VGA GT 820 1GB, DVDRW, Layar 21.5",DOS)"$"Mesin Pengolahan Data Elektronik"$"Buah"$"Barang"
"itb_plan_price_20669"$"29680"$"537140000000"$"Pembatas Ordner (Spesifikasi : Bambi A4 / 2605 Divider / Pembatas Odner Bahan Plastik ( A4/ 2605))"$"ATK dan Benda Pos"$"Pack"$"Barang"
"itb_plan_price_20670"$"27320"$"544010000000"$"Pembersih kayu (Spesifikasi : Pledge 350mL)"$"Peralatan Rumah Tangga"$"Buah"$"Barang"
"itb_plan_price_20671"$"15060"$"544010000000"$"Pembersih lantai (Spesifikasi : Super pel 900mL)"$"Peralatan Rumah Tangga"$"Buah"$"Barang"
"itb_plan_price_20672"$"7950"$"537030000000"$"Penghapus Pensil (Spesifikasi : Boxy Kecil Penghapus (Warna Hitam))"$"ATK dan Benda Pos"$"Buah"$"Barang"
"itb_plan_price_20673"$"7200"$"544010000000"$"Pengharum Ruangan (Spesifikasi : Bay Fresh 35 g)"$"Peralatan Rumah Tangga"$"Buah"$"Barang"
"itb_plan_price_20674"$"1000"$"540040162001"$"Peralatan/ Mesin P3MI (Spesifikasi : Peralatan dan Mesin - mesin untuk kepentingan Program Penelitian, Pengabdian Masyarakat dan Inovasi ITB)"$"Peralatan Ilmiah, Optikal dan Instrumentasi"$"Paket"$"Barang"
"itb_plan_price_20675"$"207000"$"606010022029"$"Pesawat Telepon (Spesifikasi : PANASONIC Corded Phone [KX-TS500] - White Spesifikasi: Single Line Corded Integrated Telephone with 6-Step Electronic Handset Volume Control and Hearing Aid Compatibility (HAC) Garansi 1 Tahun)"$"Peralatan Telekomunikasi dan Audio Visual"$"Unit"$"Barang"
"itb_plan_price_20676"$"449000"$"606010022033"$"Pesawat Telepon (Spesifikasi : PANASONIC Cordless Phone [KX-TG1311] - Black Bergaransi)"$"Peralatan Telekomunikasi dan Audio Visual"$"Unit"$"Barang"
"itb_plan_price_20677"$"673200"$"612010002031"$"Pompa Air (Spesifikasi : SHIMIZU Pompa Sumur Dangkal PS 130 BIT Spesifikasi: Pompa Air Sumur Dangkal Otomatis 125 Watt Daya Hisap 9 Meter Daya Pancar 40 Meter Kapaitas 35 Lt/Min Total Head 40 Meter Pipa 1 Inch Garansi 1 Tahun)"$"Mesin-Mesin Umum"$"Unit"$"Barang"
"itb_plan_price_20678"$"3960000"$"540040125003"$"Power Supply (Spesifikasi : GW Instek GPS 3030D I. Umum DC Power Supply II. Main Unit D Power Supply Output Type: Adjustable No. of Outputs: 1 Output Output Voltage Min: 0V Output Voltage Max: 30V Output Current Min: 0A Output Current Max: 3A Power Rating: 90W Supply Voltage Min: 100VAC Supply Voltage Max: 240VAC Product Range: GPS-Series Plug Type: - Load Regulation: 0.01 % Width: 128 mm Length: 285 mm Height: 145 mm Input Voltage: 100V AC, 120V AC, 220V AC, 240V AC Output Current: 3 A SVHC: To Be Advised Output Voltage: 30 VDC III. Aksesoris/Komponen industrial test lead dengan alligator clip terpasang pada probe, AC power-supply adapter (opsional) IV. Kelengkapan Administrasi : Buku Manual Garansi Resmi Min. 1 Tahun)"$"Peralatan Ilmiah, Optikal dan Instrumentasi"$"Unit"$"Barang"
"itb_plan_price_20679"$"2100000"$"613050081004"$"Printer (Spesifikasi : BROTHER HL-2270DW A4, 2400 x 600 dpi, 26 (BW) ppm Print, Tray 1, 250, Duplex, Wireless 802.11 b/g, USB Garansi 1 Tahun.)"$"Mesin Pengolahan Data Elektronik"$"Unit"$"Barang"
"itb_plan_price_20680"$"5200000"$"613050081003"$"Printer (Spesifikasi : EPSON L565 Print, Scan, Copy, Fax; Inkjet; Dye Ink; A4; 5760 x 1440 (with Variable-Sized Droplet Technology; Manual; 33ppm; 15 ppm; 27 detik (borderless); Black Copy 7.8sec, colour copy 3.4 sec; 99 Lembar; 1200 x 2400 dpi; 216 x 297 mm; USB, Wireless, LAN; 226mmx377mmx484mm; 6,2kg; Windows XP/Window7/Window8/Window Vista/Mac; Kertas A4, A5, A6, B5, Letter, Legal, Half Letter, Folio Garansi 1 Tahun)"$"Mesin Pengolahan Data Elektronik"$"Unit"$"Barang"
"itb_plan_price_20681"$"3135000"$"613050081001"$"Printer (Spesifikasi : EPSON Printer [L365] Spesifikasi : A4, 5760 x 1440 dpi, Black/White 33 ppm Print, Color 15 ppm Print, 1200 x 2400 dpi Scan, Black/White 5 sec Copy, Color 10 sec Copy, Tray 1# 100, Wireless, USB. Garansi Resmi Min. 1 Tahun. )"$"Mesin Pengolahan Data Elektronik"$"Unit"$"Barang"
"itb_plan_price_20682"$"5640000"$"613050081005"$"Printer (Spesifikasi : HP LaserJet P2055DN Tipe Printer Business Laser Metode Printer Laser Kecepatan Cetak Normal:Up to 33 ppm Print Speed Footnote Exact speed varies depending on the system configuration, software application, driver and document complexity. Resolusi Maksimum Up to 1200 dpi Monthly Usage Volume 750 to 3000 Recommended monthly page volume Duty cycle : 50000 pages Kecepatan Processor 600 MHz Memori 128MB (Standar) up to 384 MB (via 1 open 144-pin DIMM slot) (Maksimum) Bahasa Pendukung HP PCL 5c, HP PCL 6, HP Postscript level 3 emulation with automatic language switching Paper Tray 50 sheets multipurpose (input tray#1) 250 sheet (input tray#2) Ukuran Kertas A4, A5, A6, B5, envelopes (C5, B5, DL); Tray 2: A4, A5, A6; Tipe Media Paper (bond, light, heavy, plain, recycled, rough), envelopes, labels, cardstock, transparencies, heavy media Network Available Power Input voltage 220 to 240 VAC (+/- 10%), 50 Hz (+/- 2 Hz) Konsumsi Daya 570 watts (active/printing), 8 watts (ready/sleep), 0.4 watts (off); Typical Electricity Consumption (TEC): 2.233 kWhr/week Interface 1 Hi-Speed USB 2.0; 1 Fast Ethernet 10/100 Sistem Operasi PC: Microsoft Windows 7 (32-bit/64-bit): 1 GB RAM; Windows Vista (32-bit/64-bit), WindowsXP, Windows Server 2008 (32-bit/64-bit), Windows Server 2003: 512 MB RAM; all systems: 350 MB free hard disk space, CD-ROM drive, USB port Macintosh: Mac OS X v 10.4, 10.5, 10.6; 256 MB Dimensi (W x D x H) 365 x 268 x 368 mm Berat 10.7 Kg)"$"Mesin Pengolahan Data Elektronik"$"Unit"$"Barang"
"itb_plan_price_20683"$"1728000"$"613050001001"$"Printer (Spesifikasi : HP LaserJet Pro M102a [G3Q34A] Platform Multifunction Metode Cetak Laser Teknologi Cetak Monochrome Laser Maks. Besaran Kertas A4 Maks. Resolusi Up to 600 x 600 x 2 dpi Kecepatan Cetak B/W Up to 22 ppm Monthly Usage Volume Up to 10,000 pages Konektivitas 1 Hi-Speed USB 2.0 Memori Standar 128 MB Maks. Memori Integrated Bahasa we support: PCLmS, URF, PWG Garansi 1 Tahun)"$"Mesin Pengolahan Data Elektronik"$"Unit"$"Barang"
"itb_plan_price_20684"$"2028000"$"613050007004"$"Printer Label (Spesifikasi : BROTHER Printer [PT-E300VP] Handheld Electrical, Thermal transfer, 180 dpi, 20mm/sec, LCD Display, 6xAA (LR6/HR6) Garansi Min. 1 Tahun)"$"Mesin Pengolahan Data Elektronik"$"Unit"$"Barang"
"itb_plan_price_20685"$"2340000"$"613050054013"$"Printer Laser Mono (Spesifikasi : HP LaserJet Pro P1102w [CE658A] A4, 600 x 600 dpi, Black/White 18 ppm, Tray 1# 150, Wireless 802.11b/g, USB garansi minimal 1 tahun)"$"Mesin Pengolahan Data Elektronik"$"Unit"$"Barang"
"itb_plan_price_20686"$"3372000"$"613050057002"$"Printer Laserjet (Spesifikasi : HP Color LaserJet CP1025 A4, 600 x 600 dpi, Black/White 16 ppm Print, Color 4 ppm Print, Tray 1# 150, USB garansi resmi 1 tahun)"$"Mesin Pengolahan Data Elektronik"$"Unit"$"Barang"
"itb_plan_price_20687"$"16788240"$"606030037008"$"Projector (Spesifikasi : Epson EB-1776W Spesifikasi: WXGA, RGB liquid crystal shutter projection system (3LCD), LCD Panel 0.59" with MLA (D8), 3000 lumens, 2000:1, Auto H/V-Keystone, Realtime, 1 Comp IN, 1 HDMI, 1 Audio IN, 1 USB type-A/B, Wifi Ready, Network Supported Speed For Each Mode IEEE 802.11b: 11 Mbps, IEEE 802.11g: 54 Mbps, IEEE 802.11n: 130 Mbps Weight 1.71 kg (portable), dimension 210mm x 292mm x 44mm Garansi Resmi Min. 1 Tahun )"$"Peralatan Telekomunikasi dan Audio Visual"$"Unit"$"Barang"
"itb_plan_price_20688"$"6930000"$"606030039001"$"Projector (Spesifikasi : Projector EPSON EB-X350 Spesifikasi: XGA, 3200 lumens, 15000:1, Comp IN, Auto V-Keystone, H-Keystone Slider, Quick Corner, RCA, S-Video, 2 HDMI (1 Supports MHL), 1 USB Type-A/B, Wifi . Garansi Resmi 1 Tahun)"$"Peralatan Telekomunikasi dan Audio Visual"$"Unit"$"Barang"
"itb_plan_price_20689"$"2580000"$"531050069001"$"Rak Koran dan Tempat Majalah NS-300 (Spesifikasi : Rak Koran dan Tempat Majalah NS-300 adalah rak koran yang terdiri dari tempat koran dan majalah tidak mudah berkarat kuat dan tahan lama terbuat dari aluminium dan besi berkualitas. Cocok untuk ruang tunggu perhotelan, bank, Rumah sakit, juga perkantoran Kapasitas : 5 newspaper dan 6 magazine Dimensi : 940 x 700 x 390 mm Berat : 13.6 kg Garansi minimal 1 tahun)"$"Furniture"$"Unit"$"Barang"
"itb_plan_price_20690"$"62000"$"526020000000"$"Rompi Jaring (Spesifikasi : Warna Hijau, Security)"$"Barang Habis Pakai untuk Kesehatan & Keselamatan Kerja"$"Buah"$"Barang"
"itb_plan_price_20691"$"2100000"$"543040052001"$"Router (Spesifikasi : TP-LINK TL-WDR4900 N900 Wireless Dual Band Gigabit Router. Garansi minimal 1 tahun.)"$"Aksesoris Komputer"$"Buah"$"Barang"
"itb_plan_price_20692"$"725000"$"543040011003"$"Router/WiFi (Spesifikasi : Wireless N ADSL2 Data Rates 300Mbps Standards Protocol IEEE 802.11b/g/n Antarmuka / Interface 4x RJ-45 10/100BASE-TX Ethernet ports with auto MDI/MDIX RJ-11 ADSL port Operating Frequency 2.4 GHz to 2.484 GHz Antenna Dual 2x 2 built-in MIMO 5 dBi Output Power Through 12 V AC / 1 A external power adapter Encryption IGMP, ??PVC/VLAN port mapping (bridge mode), Parental Control (URL blocking, scheduling Garansi : 12)"$"Aksesoris Komputer"$"Unit"$"Barang"
"itb_plan_price_20693"$"16230"$"544010000000"$"Sabun Cuci Piring (Spesifikasi : Refill Sunlight 800 mL)"$"Peralatan Rumah Tangga"$"Kantong"$"Barang"
"itb_plan_price_20694"$"13390"$"544010000000"$"Sabun Tangan (Spesifikasi : Refill 375 ml)"$"Peralatan Rumah Tangga"$"Buah"$"Barang"
"itb_plan_price_20695"$"11987"$"532020000000"$"Sandal Jepit Karet (Spesifikasi : Swallow)"$"Pakaian dan Alat-Alat Berpergian"$"Pasang"$"Barang"
"itb_plan_price_20696"$"12785724"$"613060008003"$"Scanner (Spesifikasi : FUJITSU iX500 50-sheets Automatic Document Feeder (ADF), Duplex Scanning, Color, Grayscale, Monochrome, Automatic (color / grayscale / monochrome detection, Color CIS (Contact Image Sensor) x 2 (front / back), 600 x 600 dots per inch (dpi), Simplex or Duplex, 25 pages per minute (ppm), A4, A5, A6, B5, B6, Business Card, Post Card, Letter, Legal and Custom Size, Automatically recognizes document size, USB 3.0, 7. Scan wirelessly to a PC or Mac iOS or Android mobile devices Garansi Resmi Min. 1 Tahun)"$"Mesin Pengolahan Data Elektronik"$"Unit"$"Barang"
"itb_plan_price_20697"$"500000"$"532010000000"$"Seragam Jas (Spesifikasi : Seragam Jas ditentukan kemudian)"$"Pakaian dan Alat-Alat Berpergian"$"Buah"$"Barang"
"itb_plan_price_20698"$"86734"$"547020000000"$"Shuttle Kock (Spesifikasi : Biru Warna Biru)"$"Barang Habis Pakai untuk Olahraga"$"Slop"$"Barang"
"itb_plan_price_20699"$"4948900"$"606060109001"$"Smart Watch (Spesifikasi : SAMSUNG Gear S2 Classic Smartwatch 1.2 Inch sAMOLED Exynos 3250 Storage 4GB 512MB RAM Bluetooth Wi-Fi NFC Battery 250mAh Android Tizen Garansi resmi minimal 1 tahun)"$"Peralatan Telekomunikasi dan Audio Visual"$"Unit"$"Barang"
"itb_plan_price_20700"$"4999000"$"606010129001"$"Smartphone (Spesifikasi : SAMSUNG Galaxy Note 3 [N-9000] Spesifikasi: Quad-core 1.9 GHz & 1.3 GHz. 5.7" Super AMOLED capacitive touchscreen. 16M colors. Camera. Video. Audio. Bluetooth. 32 GB storage. 3 GB RAM. Wi-Fi. Android Jelly Bean. Touchscreen. Garansi Resmi 1 Tahun. )"$"Peralatan Telekomunikasi dan Audio Visual"$"Unit"$"Barang"
"itb_plan_price_20701"$"2000000"$"529010159002"$"Soldering Iron (Spesifikasi : YIHUA 853D Output Power:as description; Temperature Stability:GOOD; Brand Name:YIHUA; Output Temperature:as description; Input Voltagle:110V / 220V; Dimensions:as description; Model Number:853D; Usage:Welding,electric soldering iron; Weight:::5.5KG; Place of Origin:Guangdong, China (Mainland))"$"Peralatan Bangunan, Bengkel, Pertukangan dan Penerangan"$"Unit"$"Barang"
"itb_plan_price_20702"$"42740"$"537020000000"$"Spidol (Spesifikasi : Snowman Warna Merah,Spidol Whiteboard)"$"ATK dan Benda Pos"$"Lusin"$"Barang"
"itb_plan_price_20703"$"10800000"$"543010079001"$"SSD (Spesifikasi : Transcend JetDrive 960 GB SATA II 6Gb/s Garansi Min. 1 Tahun)"$"Aksesoris Komputer"$"Unit"$"Barang"
"itb_plan_price_20704"$"420000"$"606060119001"$"Stand Meja Projector (Spesifikasi : Model : Tripod bahan kaki : besi bahan meja : plat baja tinggi minimal : 90 cm tinggi maksimal : 150 cm lebar meja : 35 x 35 cm)"$"Peralatan Telekomunikasi dan Audio Visual"$"Buah"$"Barang"
"itb_plan_price_20705"$"12100000"$"606020229001"$"Stereo Camera (Spesifikasi : ZED Stereo Kamera 2K Stereo Camera High-Resolution and High Frame-rate 3D Video Capture Depth Perception indoors and outdoors at up to 20m 6-DoF Positional Tracking Spatial Mapping)"$"Peralatan Telekomunikasi dan Audio Visual"$"Unit"$"Barang"
"itb_plan_price_20706"$"847757"$"543040001005"$"Switch hub (Spesifikasi : DGS-1008 D/E 8 port, 10/100/1000 Base-T, unmanaged)"$"Aksesoris Komputer"$"Unit"$"Barang"
"itb_plan_price_20707"$"6193440"$"543040001064"$"Switch hub (Spesifikasi : HP V1410-24G (J9561A) switch 24 port, 10/100/1000 ports (IEEE 802.3 Type 10BASE-T, IEEE 802.3u Type 100BASE-TX, IEEE 802.3ab Type 1000BASE-T), unmanaged. Garansi minimal 1 tahun.)"$"Aksesoris Komputer"$"Buah"$"Barang"
"itb_plan_price_20708"$"2028000"$"540030213001"$"Tang Ampere (Spesifikasi : 2300R Alat untuk mengukur Arus Listrik AC/DC berbentuk Tang Ampere, Dilengkapi dengan penunjuk LCD, Arus Maksimum AC/DC 100A, Daya Tahan Baterai 46 Jam (Arus AC) 52 Jam (Arus DC) )"$"Peralatan Ilmiah, Optikal dan Instrumentasi"$"Buah"$"Barang"
"itb_plan_price_20709"$"106229397"$"540020546001"$"Three Phase Relay Protection Tester (Spesifikasi : HZJB I. Production description : Usage : Auto Testing Machine; Supply power : AC 220 10%, 50/60 Hz; Phase current .0 ~ 40A; DC Current Ou..0.5magnitude; Product nama : relay protection tester; AC Current Out. 0.5magnitude Frequency ran.. 20 ~ 1000 Hz; Cerificate : CE ISO II. Main Features The standard output of 4 phases of voltage and 3 phases of current; The stand-alone operation is convenient; Dual operation model, connect computer for work; Strong function of software; The amount of switch quantity contacts is rich; Large LCD screen; Self-protection; Independent DC power output III. Technical Indicators 1. Alternating current output : Output accuracy: 0.5magnitude; Phase current output (effective value): 0~40A; Three parallel phase current output (effective value): 0~120A; Phase current value with long time under permission (effective value): 10A; Phase current maximum power output: 420VA; Three parallel phase current maximum power output: 900VA; Three parallel phase current maximum work time: 10s; Frequency range (base wave): 20~1000Hz; Harmonic frequency number: 1~20 time 2. Direct current output : Output accuracy: 0.5magnitude; Current output: 0 ~ 10 A/each phase, 0 ~ 30 A/every three parallel; Maximum output of load voltage: 20v 3. Alternating voltage output : Output accuracy: 0.5magnitude; Phase voltage output (RMS): 0 ~ 120v; Line voltage output (RMS): 0 ~ 240v; Phase voltage/line voltage power output: 80VA/100VA Frequency range (base wave): 20 ~ 1000Hz; Harmonic frequency number: 1 ~ 20 times 4. Direct voltage output : Output accuracy: 0.5magnitude; Phase voltage output amplitude: 0 ~ +160v; Line voltage output amplitude: 0 ~ + 320v; Phase voltage/line voltage power output: 70VA/140VA)"$"Peralatan Ilmiah, Optikal dan Instrumentasi"$"Unit"$"Barang"
"itb_plan_price_20710"$"4770"$"537030000000"$"Tip Ex (Spesifikasi : Kenko, Botol kecil)"$"ATK dan Benda Pos"$"Buah"$"Barang"
"itb_plan_price_20711"$"624000"$"612020001013"$"Trolley (Spesifikasi : Krisbow KW0500048 Krisbow/FOLDABLE PLATFORM HANDTRUCK KRISBOW 300KG SMALL Width: 62 Cm, Length: 92 Cm, Height: 14 Cm Garansi 1 Tahun)"$"Mesin-Mesin Umum"$"Unit"$"Barang"
"itb_plan_price_20712"$"984000"$"543030001048"$"UPS (Spesifikasi : APC BX800LI-MS Line-Interactive, UPS 800VA / 415W, 230V, PF 0.5, Tower, Single-Phase Garansi Resmi Min. 1 Tahun)"$"Aksesoris Komputer"$"Buah"$"Barang"
"itb_plan_price_20713"$"11998800"$"543030001056"$"UPS (Spesifikasi : APC SMC2000I-2U Spesifikasi: Line-Interactive, UPS 2000VA / 1300W, 230V, Single-Phase, 2U Rackmount, USB, LCD, Power Management Software Uji fungsi , Instalasi Garansi Resmi Min. 1 Tahun)"$"Aksesoris Komputer"$"Set"$"Barang"
"itb_plan_price_20714"$"2760000"$"614030003006"$"Vacuum Cleaner (Spesifikasi : VACUUM CLEANER Z931 Specifications : Panjang Kabel : 52.5 cm Warna Utama : Copper Berat : 22 kg Daya Listrik : 1400 - 1600 watt Tegangan : 220 - 240 volt Kantong Debu : Kertas dan kain Tingkat Kebisingan : 84 Material Tabung : ALmunium Nosel Tambahan : Kain Pelapis Kapasitas kantong debu : 15 liter Wet and Dry Kapasitas Tabung : 30Liter Blower : Ya Nozzle : Basah Garansi Min. 1 Tahun)"$"Mesin - Mesin untuk Rumah Tangga"$"Unit"$"Barang"
"itb_plan_price_20715"$"8000000"$"543010121001"$"VGA Card (Spesifikasi : GPU Card, ASUS NVIDIA GeForce GTX 1070, 8GB DDR5)"$"Aksesoris Komputer"$"Set"$"Barang"
"itb_plan_price_20716"$"5400000"$"606020202001"$"Wireless Microphone Conference System (Spesifikasi : KREZT MC-8UN Conference / podium 1bh receiver, 8bh mic podium / meja wireless, 1bh kabel audio output, Free baterai AA, Frequency VHF, jarak mic bisa pakai sampe 50m, suara bagus, jernih, bersih dan sensitif micnya, cocok buat pidato, rapat, meeting, ceramah dan acara-acara laennya. Specification System : - Frequency range : VHF 190-270MHz, Audio frequency response : 50Hz 15KHz 3dB, Dynamic range : 95dB, S/N : 85dB, Operating range : >30m, Ambient temperature : -10C to 55C. Transmitter : - Frequency stability : 0.1, RF carrier power : 10mW, Modulation system : Crystal surge, Modulation mode : FM, Tone frequency : 32.768K /38/43K/48K, Antenna : 1/4 herical antenna, Maximum deviation : 35KHz, Receiver : - Frequency range : VHF 190-270MHz, Frequency stability : 0.1, Modulation system : Crystal surge, Tone frequency : 32.768K/38/43K/48K, Squelch sensitivity : 11dBu (-96dBm), Spurious rejection : >80dB, T.H.D : <0.05%, AF output level : 0-2V, urrent consumption : <500mA GARANSI MINIMAL 1 TAHUN)"$"Peralatan Telekomunikasi dan Audio Visual"$"Unit"$"Barang"
"itb_plan_price_20717"$"4035600"$"543050009004"$"wireless projector server (Spesifikasi : Edimax WP-S1300 DRAM (default) 128MB DDR1 ; Flash Memory (default) 16MB Flash ; Other Port : 1 x 10/100/1000 LAN Port ; 2 x USB Port ; 2 x High Gain 3dBi Antenna ; 1 x VGA Output ; 1 Reset Button ; 1 Extend IR ;1 Audio Output ; 1 Power Jack ; Dimensions (W x H x D) 30 x 157 x 127 mm (HxWxD) ; Power Source 12V DC, 1A Switching Power Features : Wireless 802.11b/g/n and 802.3ab gigabit LAN support ; Transfers computer content to a project/monitor wirelessly ; Features Quarter View, Direct Show, and a WPS button ; Multiple video format support (codec installation needed) ; Infrared remote control included Simultaneous content projection and web surfing ; Supports Windows XP/Vista/7 and Mac OS (10.4 and 10.5 only) Garansi : 12 bulan.)"$"Aksesoris Komputer"$"Unit"$"Barang"
"itb_plan_price_20718"$"1858800"$"543040003001"$"Wireless router (Spesifikasi : N600 Dual-Band, Router With Gigabit EA2700-AP)"$"Aksesoris Komputer"$"Unit"$"Barang"