<?xml version="1.0" encoding="utf-8"?>
<openerp>
    <data noupdate="1">

        <!-- Spare Parts -->
        <record id="product_product_mro_pump" model="product.product">
            <field name="name">Pump</field>
            <field name="default_code">PMP</field>
            <field name="categ_id" ref="product_category_mro"/>
            <field name="standard_price">55.0</field>
            <field name="list_price">70.0</field>
            <field name="type">consu</field>
            <field name="uom_id" ref="product.product_uom_unit"/>
            <field name="uom_po_id" ref="product.product_uom_unit"/>
            <field name="isParts" eval="True"/>
        </record>

        <record id="product_product_mro_oil" model="product.product">
            <field name="name">Oil</field>
            <field name="default_code">OIL</field>
            <field name="categ_id" ref="product_category_mro"/>
            <field name="standard_price">80.0</field>
            <field name="list_price">90.0</field>
            <field name="type">consu</field>
            <field name="uom_id" ref="product.product_uom_litre"/>
            <field name="uom_po_id" ref="product.product_uom_litre"/>
            <field name="isParts" eval="True"/>
        </record>

        <record id="product_product_mro_water" model="product.product">
            <field name="name">Water</field>
            <field name="default_code">WAT</field>
            <field name="categ_id" ref="product_category_mro"/>
            <field name="standard_price">80.0</field>
            <field name="list_price">90.0</field>
            <field name="type">consu</field>
            <field name="uom_id" ref="product.product_uom_litre"/>
            <field name="uom_po_id" ref="product.product_uom_litre"/>
            <field name="isParts" eval="True"/>
        </record>

        <!-- Requests -->
        <record id="mro_request_1" model="mro.request">
            <field name="asset_id" ref="asset.asset_asset_1"/>
            <field name="cause">Don't work Pump</field>
        </record>

        <record id="mro_request_2" model="mro.request">
            <field name="asset_id" ref="asset.asset_asset_3"/>
            <field name="cause">There is no light</field>
        </record>
        <workflow action="button_send_request" model="mro.request" ref="mro_request_2"/>
        <workflow action="button_confirm_request" model="mro.request" ref="mro_request_2"/>

        <!-- Tasks -->
        <record id="mro_task_1" model="mro.task">
            <field name="category_id" ref="asset.asset_category_2"/>
            <field name="name">Wash the truck</field>
            <field name="maintenance_type">cm</field>
        </record>

        <!-- Maintenance Orders -->
        <record id="mro_order_2" model="mro.order">
            <field name="asset_id" ref="asset.asset_asset_2"/>
            <field name="maintenance_type">cm</field>
            <field name="task_id" ref="mro_task_1"/>
            <field name="description">Wash the truck</field>
            <field eval="[(0,0,{'parts_id':ref('product_product_mro_water'),'parts_qty':10,'parts_uom':ref('product.product_uom_litre')})]" name="parts_lines"/>
        </record>

    </data>
</openerp>