<?xml version="1.0" encoding="utf-8"?>
<openerp>
	<data>

        <record id="assets_form_view" model="ir.ui.view">
            <field name="name">asset.asset.form.inherit</field>
            <field name="model">asset.asset</field>
            <field name="inherit_id" ref="asset.assets_form_view"/>
            <field name="groups_id" eval="[(4, ref('asset.group_mro_user'))]"/>
            <field name="arch" type="xml">
                <xpath expr="//page[@name='info']" position="after">
                    <page name="meters" string="Meters">
                        <field name="meter_ids">
                            <tree string="Meters">
                                <button icon="fa-list-alt" string="Reading History" name="%(open_reading_log)d" type="action" states="reading,reset"/>
                                <field name="name"/>
                                <field name="date"/>
                                <field name="value"/>
                                <field name="total_value"/>
                                <field name="utilization"/>
                                <field name="meter_uom"/>
                                <field name="state" invisible="1"/>
                            </tree>
                        </field>
                    </page>
                </xpath>
                <xpath expr="//div[@name='buttons']" position="inside">
                   <button class="oe_inline oe_stat_button" name="action_view_rules" type="object" 
                       icon="fa-refresh" string="Scheduling Rules">
                   </button>
                </xpath>
            </field>
        </record>

 	</data>
</openerp>