<?xml version="1.0" encoding="utf-8"?>
<openerp>
    <data noupdate="1">
        <!-- Sequences for PM Rules -->       
        <record id="sequence_mro_pm_rule" model="ir.sequence">
            <field name="name">PM Rule</field>
            <field name="code">mro.pm.rule</field>
            <field name="prefix">PM</field>
            <field name="padding">5</field>
            <field name="number_next">1</field>
            <field name="number_increment">1</field>
        </record>

    </data>
</openerp>
