<?xml version="1.0" encoding="utf-8"?>
<openerp>
	<data>

        <record id="assets_form_view" model="ir.ui.view">
            <field name="name">asset.asset.gauge.form.inherit</field>
            <field name="model">asset.asset</field>
            <field name="inherit_id" ref="mro_pm.assets_form_view"/>
            <field name="groups_id" eval="[(4, ref('asset.group_mro_user'))]"/>
            <field name="arch" type="xml">
                <xpath expr="//page[@name='meters']" position="after">
                    <page string="Gauges">
                        <field name="gauge_ids">
                            <tree string="Gauges">
                                <button icon="fa-list-alt" string="Reading History" name="%(open_reading_log)d" type="action" states="reading"/>
                                <field name="name"/>
                                <field name="date"/>
                                <field name="value"/>
                                <field name="gauge_uom"/>
                                <field name="state" invisible="1"/>
                            </tree>
                        </field>
                    </page>
                </xpath>
            </field>
        </record>

 	</data>
</openerp>