<?xml version="1.0" encoding="utf-8"?>
<openerp>
    <data noupdate="1">

        <!-- Sequences for PdM Rules -->       
        <record id="sequence_mro_cbm_rule" model="ir.sequence">
            <field name="name">PdM Rule</field>
            <field name="code">mro.cbm.rule</field>
            <field name="prefix">PdM</field>
            <field name="padding">5</field>
            <field name="number_next">1</field>
            <field name="number_increment">1</field>
        </record>

    </data>
</openerp>